Dates,IAU,SLV,CPER
1/11/24,51.62,29.54,27.35
31/10/24,51.84,29.81,27.36
30/10/24,52.65,30.81,27.36
29/10/24,52.36,31.39,27.46
28/10/24,51.78,30.73,27.45
25/10/24,51.8,30.63,27.43
24/10/24,51.68,30.69,27.39
23/10/24,51.29,30.71,27.22
22/10/24,51.92,31.74,27.57
21/10/24,51.38,30.85,27.41
18/10/24,51.37,30.64,27.58
17/10/24,50.84,28.89,27.2
16/10/24,50.53,28.91,27.41
15/10/24,50.28,28.71,27.27
14/10/24,50.1,28.54,27.66
11/10/24,50.16,28.8,28.17
10/10/24,49.65,28.38,27.85
9/10/24,49.27,27.86,27.64
8/10/24,49.54,28.01,28
7/10/24,49.92,28.93,28.52
4/10/24,50.08,29.36,28.59
3/10/24,50.2,29.23,28.44
2/10/24,50.22,29,29.14
1/10/24,50.21,28.58,28.6
30/9/24,49.7,28.41,28.35
27/9/24,50.09,28.86,28.64
26/9/24,50.5,29.26,28.98
25/9/24,50.25,29.06,28.06
24/9/24,50.31,29.38,28.3
23/9/24,49.6,27.98,27.21
20/9/24,49.52,28.41,27.11
19/9/24,48.89,28.09,27.18
18/9/24,48.15,27.24,26.6461
17/9/24,48.53,27.96,26.8
16/9/24,48.77,28.07,26.65
13/9/24,48.8,28.02,26.4
12/9/24,48.32,27.27,26.32
11/9/24,47.48,26.12,26.02
10/9/24,47.55,25.94,25.64
9/9/24,47.35,25.85,25.84
6/9/24,47.15,25.48,25.41
5/9/24,47.51,26.23,25.81
4/9/24,47.11,25.68,25.45
3/9/24,47.09,25.58,25.47
2/9/24,47.28,26.35,26.31
30/8/24,47.28,26.35,26.31
29/8/24,47.62,26.81,26.22
28/8/24,47.38,26.69,26.28
27/8/24,47.71,27.36,26.82
26/8/24,47.58,27.32,26.61
23/8/24,47.43,27.2,26.48
22/8/24,46.88,26.39,25.96
21/8/24,47.46,26.95,26.38
20/8/24,47.51,26.87,26.11
19/8/24,47.35,26.83,26.37
16/8/24,47.4,26.43,26.1
15/8/24,46.37,25.86,25.96
14/8/24,46.23,25.13,25.3
13/8/24,46.6,25.42,25.43
12/8/24,46.67,25.49,25.55
9/8/24,45.89,25,25.04
8/8/24,45.77,25.01,24.97
7/8/24,45.06,24.33,24.71
6/8/24,45.1,24.64,25.16
5/8/24,45.48,24.86,25.06
2/8/24,46.05,26.04,25.85
1/8/24,46.14,26.03,25.53
31/7/24,46.3,26.39,26.22
30/7/24,45.49,25.83,25.62
29/7/24,45.02,25.44,25.62
26/7/24,45.08,25.48,25.73
25/7/24,44.62,25.41,25.72
24/7/24,45.31,26.43,25.52
23/7/24,45.49,26.68,25.97
22/7/24,45.33,26.63,26.24
19/7/24,45.32,26.69,26.4
18/7/24,46.15,27.2,26.53
17/7/24,46.44,27.67,27.43
16/7/24,46.66,28.61,27.75
15/7/24,45.76,28.03,28.02
12/7/24,45.61,28.12,28.33
11/7/24,45.63,28.68,27.97
10/7/24,44.83,28.16,28.38
9/7/24,44.66,28.12,28.34
8/7/24,44.6,28.13,28.53
5/7/24,45.15,28.48,28.78
4/7/24,44.55,27.84,28.1
3/7/24,44.55,27.84,28.1
2/7/24,44.06,26.97,27.52
1/7/24,44.06,26.85,27.46
28/6/24,43.93,26.57,27.21
27/6/24,43.96,26.45,26.92
26/6/24,43.46,26.31,27.18
25/6/24,43.85,26.4,27.15
24/6/24,44.08,27,27.47
21/6/24,43.89,26.98,27.44
20/6/24,44.58,28,28.08
19/6/24,44.03,26.96,27.68
18/6/24,44.03,26.96,27.68
17/6/24,43.85,26.92,27.46
14/6/24,44.08,27.01,27.69
13/6/24,43.53,26.43,27.61
12/6/24,43.88,27.03,27.88
11/6/24,43.77,26.71,27.78
10/6/24,43.63,27.12,27.98
7/6/24,43.24,26.67,27.43
6/6/24,44.84,28.53,28.72
5/6/24,44.49,27.4,28.47
4/6/24,43.98,27.02,27.94
3/6/24,44.39,27.89,28.7
31/5/24,43.99,27.76,28.42
30/5/24,44.24,28.42,28.59
29/5/24,44.16,29.17,29.35
28/5/24,44.57,29.24,29.9
27/5/24,44.12,27.74,29.23
24/5/24,44.12,27.74,29.23
23/5/24,44.07,27.55,29.26
22/5/24,44.99,28.22,29.56
21/5/24,45.82,29.27,31.38
20/5/24,45.89,28.98,31.33
17/5/24,45.69,28.79,31.19
16/5/24,44.97,27.06,30.01
15/5/24,45.13,27.12,30.11
14/5/24,44.57,26.13,29.68
13/5/24,44.2,25.8,29.52
10/5/24,44.68,25.77,28.81
9/5/24,44.33,25.86,28.57
8/5/24,43.65,24.95,28.34
7/5/24,43.76,24.92,28.61
6/5/24,43.95,25.07,28.7
3/5/24,43.52,24.22,28.37
2/5/24,43.55,24.36,28
1/5/24,43.69,24.27,28.38
30/4/24,43.3,24.05,28.31
29/4/24,44.16,24.83,29.09
26/4/24,44.26,24.89,28.55
25/4/24,44.11,25.06,28.37
24/4/24,43.86,24.9,27.93
23/4/24,43.91,24.99,27.67
22/4/24,44.04,24.93,28.11
19/4/24,45.14,26.2,28.1
18/4/24,45,25.86,27.78
17/4/24,44.86,25.85,27.19
16/4/24,45.18,25.8,26.91
15/4/24,45.13,26.41,27.35
12/4/24,44.3,25.63,26.71
11/4/24,44.89,26.01,26.67
10/4/24,44.04,25.45,26.74
9/4/24,44.47,25.72,26.88
8/4/24,44.23,25.4,26.88
5/4/24,43.95,25.03,26.54
4/4/24,43.22,24.49,26.26
3/4/24,43.46,24.73,26.35
2/4/24,43.09,23.84,25.53
1/4/24,42.46,22.86,25.39
29/3/24,42.01,22.75,25.12
28/3/24,42.01,22.75,25.12
27/3/24,41.49,22.51,25.05
26/3/24,41.2,22.34,25.02
25/3/24,41.05,22.58,25.13
22/3/24,40.93,22.56,24.98
21/3/24,41.26,22.65,25.4
20/3/24,41.3,23.29,25.53
19/3/24,40.82,22.79,25.32
18/3/24,40.85,22.91,25.76
15/3/24,40.8,23.03,25.71
14/3/24,40.92,22.73,25.21
13/3/24,41.1,22.79,25.26
12/3/24,40.81,22.09,24.51
11/3/24,41.25,22.35,24.49
8/3/24,41.18,22.23,24.25
7/3/24,40.83,22.24,24.45
6/3/24,40.61,22.1,24.07
5/3/24,40.29,21.67,23.93
4/3/24,40.05,21.86,24.02
1/3/24,39.4,21.17,24.01
29/2/24,38.65,20.73,23.89
28/2/24,38.48,20.55,23.87
27/2/24,38.4,20.57,23.98
26/2/24,38.44,20.62,23.82
23/2/24,38.52,20.99,24.13
22/2/24,38.3,20.82,24.31
21/2/24,38.3,20.96,24.14
20/2/24,38.31,21.07,24.04
19/2/24,38.07,21.39,23.84
16/2/24,38.07,21.39,23.84
15/2/24,37.93,20.94,23.38
14/2/24,37.66,20.44,23.03
13/2/24,37.69,20.2,23.07
12/2/24,38.23,20.76,23.166
9/2/24,38.32,20.68,22.95
8/2/24,38.45,20.65,23.1
7/2/24,38.49,20.33,23.29
6/2/24,38.52,20.51,23.58
5/2/24,38.3,20.47,23.5
2/2/24,38.51,20.75,23.79
1/2/24,38.89,21.21,23.95
31/1/24,38.49,20.91,24.19
30/1/24,38.51,21.19,24.37
29/1/24,38.46,21.21,24.14
26/1/24,38.18,20.86,24.0165
25/1/24,38.23,20.94,24.06
24/1/24,38.08,20.71,24.1
23/1/24,38.39,20.53,23.7
22/1/24,38.24,20.22,23.31
19/1/24,38.39,20.67,23.61
18/1/24,38.27,20.81,23.41
17/1/24,37.95,20.65,23.26
16/1/24,38.39,20.96,23.4
15/1/24,38.75,21.19,23.25
12/1/24,38.75,21.19,23.25
11/1/24,38.37,20.82,23.52
10/1/24,38.3,20.94,23.55
9/1/24,38.38,21,23.34
8/1/24,38.37,21.13,23.75
5/1/24,38.66,21.21,23.65
4/1/24,38.67,21.08,23.9
3/1/24,38.64,21.06,23.96
2/1/24,38.94,21.65,23.95
1/1/24,39.03,21.78,24.14
29/12/23,39.03,21.78,24.14
28/12/23,39.1,21.99,24.2143
27/12/23,39.34,22.23,24.53
26/12/23,39.14,22.2,24.19
25/12/23,38.86,22.12,24.09
22/12/23,38.86,22.12,24.09
21/12/23,38.68,22.31,24.25
20/12/23,38.41,22.04,23.96
19/12/23,38.62,22.03,24.18
18/12/23,38.36,21.8,23.84
15/12/23,38.18,21.83,23.95
14/12/23,38.55,22.15,23.97
13/12/23,38.32,21.77,23.7
12/12/23,37.47,20.84,23.43
11/12/23,37.5,20.91,23.42
8/12/23,37.9,21.1,23.73
7/12/23,38.42,21.79,23.46
6/12/23,38.36,21.93,23.08
5/12/23,38.22,22.12,23.4
4/12/23,38.37,22.46,23.69
1/12/23,39.21,23.33,24.24
30/11/23,38.54,23.13,23.8
29/11/23,38.71,22.88,23.6953
28/11/23,38.64,22.92,23.8
27/11/23,38.14,22.56,23.5323
24/11/23,37.87,22.27,23.73
23/11/23,37.67,21.67,23.545
22/11/23,37.67,21.67,23.545
21/11/23,37.83,21.77,23.73
20/11/23,37.43,21.48,23.69
17/11/23,37.5,21.75,23.29
16/11/23,37.5,21.76,23
15/11/23,37.08,21.45,23.13
14/11/23,37.18,21.17,22.94
13/11/23,36.86,20.43,22.83
10/11/23,36.64,20.34,22.45
9/11/23,37.04,20.69,22.63
8/11/23,36.9,20.65,22.65
7/11/23,37.27,20.73,22.95
6/11/23,37.43,21.08,23.14
3/11/23,37.73,21.22,22.85
2/11/23,37.6,20.87,22.95
1/11/23,37.46,20.97,22.8
31/10/23,37.59,20.98,22.7
30/10/23,37.79,21.34,22.76
27/10/23,38.01,21.18,22.66
26/10/23,37.57,20.85,22.37
25/10/23,37.51,20.94,22.32
24/10/23,37.34,21.02,22.59
23/10/23,37.35,21.05,22.29
20/10/23,37.47,21.4,22.08
19/10/23,37.37,21.11,22.33
18/10/23,36.92,20.95,22.2235
17/10/23,36.39,20.92,22.2
16/10/23,36.34,20.68,22.19
13/10/23,36.5,20.78,22.14
12/10/23,35.37,19.96,22.23
11/10/23,35.48,20.18,22.34
10/10/23,35.22,19.98,22.44
9/10/23,35.29,20.06,22.67
6/10/23,34.64,19.73,22.45
5/10/23,34.47,19.25,22.06
4/10/23,34.52,19.31,22.19
3/10/23,34.53,19.44,22.4
2/10/23,34.64,19.42,22.53
29/9/23,34.99,20.34,23.02
28/9/23,35.35,20.74,22.9081
27/9/23,35.54,20.7,22.5
26/9/23,35.98,20.96,22.54
25/9/23,36.27,21.2,22.73
22/9/23,36.46,21.58,22.84
21/9/23,36.34,21.44,22.83
20/9/23,36.61,21.34,23.04
19/9/23,36.58,21.27,23.13
18/9/23,36.62,21.3,23.33
15/9/23,36.42,21.11,23.44
14/9/23,36.17,20.73,23.53
13/9/23,36.15,20.93,23.35
12/9/23,36.23,21.13,23.37
11/9/23,36.41,21.16,23.43
8/9/23,36.35,21.01,22.87
7/9/23,36.34,21.05,23.21
6/9/23,36.29,21.24,23.34
5/9/23,36.48,21.59,23.62
4/9/23,36.76,22.17,23.71
1/9/23,36.76,22.17,23.71
31/8/23,36.75,22.39,23.54
30/8/23,36.81,22.57,23.65
29/8/23,36.7,22.71,23.65
28/8/23,36.37,22.22,23.4
25/8/23,36.26,22.22,23.24
24/8/23,36.3,22.11,23.27
23/8/23,36.31,22.29,23.54
22/8/23,35.94,21.46,23.31
21/8/23,35.87,21.36,23.1
18/8/23,35.78,20.87,22.98
17/8/23,35.77,20.8,22.85
16/8/23,35.83,20.56,22.65
15/8/23,36.03,20.67,22.71
14/8/23,36.14,20.72,23.08
11/8/23,36.24,20.8,23.08
10/8/23,36.24,20.83,23.27
9/8/23,36.28,20.8,23.45
8/8/23,36.46,20.9,23.38
7/8/23,36.69,21.21,23.79
4/8/23,36.77,21.66,23.89
3/8/23,36.65,21.63,24.1
2/8/23,36.67,21.75,23.76
1/8/23,36.84,22.29,24.2
31/7/23,37.2,22.69,24.82
28/7/23,37.12,22.32,24.33
27/7/23,36.84,22.11,23.76
26/7/23,37.42,22.91,24.17
25/7/23,37.22,22.62,24.27
24/7/23,37.02,22.33,23.76
21/7/23,37.17,22.57,23.56
20/7/23,37.29,22.68,23.65
19/7/23,37.48,23.1,23.55
18/7/23,37.46,22.99,23.65
17/7/23,37.04,22.79,23.71
14/7/23,37.02,22.86,24.2
13/7/23,37.14,22.78,24.36
12/7/23,37.12,22.15,23.772
11/7/23,36.62,21.2,23.26
10/7/23,36.48,21.24,23.41
7/7/23,36.46,21.18,23.31
6/7/23,36.18,20.83,23.11
5/7/23,36.29,21.21,23.17
4/7/23,36.41,21.01,23.34
3/7/23,36.41,21.01,23.34
30/6/23,36.39,20.89,23.2
29/6/23,36.15,20.72,22.75
28/6/23,36.17,20.84,22.93
27/6/23,36.25,20.98,23.37
26/6/23,36.42,20.9,23.38
23/6/23,36.35,20.58,23.54
22/6/23,36.26,20.53,24
21/6/23,36.63,20.84,23.97
20/6/23,36.68,21.26,23.95
19/6/23,37.06,22.18,23.87
16/6/23,37.06,22.18,23.87
15/6/23,37.11,21.94,23.97
14/6/23,36.86,21.97,23.69
13/6/23,36.83,21.74,23.56
12/6/23,37.11,22.08,23.13
9/6/23,37.14,22.27,23.28
8/6/23,37.25,22.3,23.3
7/6/23,36.76,21.51,23.13
6/6/23,37.2,21.65,23.17
5/6/23,37.16,21.64,23.15
2/6/23,36.94,21.69,22.98
1/6/23,37.49,21.95,22.84
31/5/23,37.2,21.61,22.62
30/5/23,37.14,21.3,22.56
29/5/23,36.92,21.38,22.61
26/5/23,36.92,21.38,22.61
25/5/23,36.76,20.86,22.16
24/5/23,37.13,21.16,21.94
23/5/23,37.42,21.51,22.4
22/5/23,37.39,21.67,22.65
19/5/23,37.45,21.86,22.93
18/5/23,37.09,21.56,22.76
17/5/23,37.59,21.82,23.06
16/5/23,37.72,21.81,22.5
15/5/23,38.19,22.1,23
12/5/23,38.11,22.02,22.9
11/5/23,38.19,22.2,22.75
10/5/23,38.51,23.31,23.63
9/5/23,38.55,23.48,24.03
8/5/23,38.29,23.49,24.0938
5/5/23,38.24,23.57,23.91
4/5/23,38.86,23.94,23.65
3/5/23,38.57,23.43,23.58
2/5/23,38.25,23.35,23.71
1/5/23,37.52,22.89,24.12
28/4/23,37.71,23,23.85
27/4/23,37.69,22.89,23.83
26/4/23,37.68,22.83,23.61
25/4/23,37.89,22.99,23.66
24/4/23,37.71,23.08,24.35
21/4/23,37.59,22.98,24.43
20/4/23,37.98,23.17,24.61
19/4/23,37.8,23.23,24.89
18/4/23,37.99,23.15,25.05
17/4/23,37.86,23.02,24.94
14/4/23,38.01,23.31,25.14
13/4/23,38.7,23.74,25.25
12/4/23,38.19,23.43,24.91
11/4/23,37.99,23.04,24.68
10/4/23,37.77,22.88,24.39
7/4/23,38.05,22.89,24.58
6/4/23,38.05,22.89,24.58
5/4/23,38.32,22.94,24.41
4/4/23,38.35,22.97,24.29
3/4/23,37.65,22.06,24.77
31/3/23,37.37,22.12,24.94
30/3/23,37.57,21.94,25.12
29/3/23,37.24,21.44,24.92
28/3/23,37.43,21.43,24.87
27/3/23,37.12,21.22,24.98
24/3/23,37.46,21.22,24.84
23/3/23,37.9,21.28,24.96
22/3/23,37.42,21.1,24.66
21/3/23,36.8,20.54,24.47
20/3/23,37.5,20.69,24.17
17/3/23,37.49,20.63,23.75
16/3/23,36.43,19.92,23.59
15/3/23,36.34,20,23.7
14/3/23,36.07,19.89,24.49
13/3/23,36.29,20,24.7
10/3/23,35.46,18.86,24.4
9/3/23,34.7,18.44,24.48
8/3/23,34.39,18.4,24.54
7/3/23,34.38,18.45,24.23
6/3/23,35.02,19.32,24.87
3/3/23,35.19,19.55,24.852
2/3/23,34.83,19.24,24.81
1/3/23,34.84,19.29,25.39
28/2/23,34.62,19.22,24.84
27/2/23,34.45,18.93,24.44
24/2/23,34.33,19.09,24.06
23/2/23,34.58,19.63,24.65
22/2/23,34.61,19.75,25.32
21/2/23,34.79,20.07,25.55
20/2/23,34.93,20.01,25.06
17/2/23,34.93,20.01,25.06
16/2/23,34.84,19.84,25.01
15/2/23,34.84,19.89,24.52
14/2/23,35.2,20.12,24.9
13/2/23,35.18,20.2,24.72
10/2/23,35.35,20.24,24.42
9/2/23,35.29,20.18,24.75
8/2/23,35.58,20.48,24.57
7/2/23,35.48,20.38,24.74
6/2/23,35.45,20.48,24.53
3/2/23,35.37,20.57,24.56
2/2/23,36.26,21.57,24.82
1/2/23,37.07,22.08,25.44
31/1/23,36.59,21.83,25.64
30/1/23,36.44,21.66,25.37
27/1/23,36.55,21.68,25.62
26/1/23,36.59,21.99,25.96
25/1/23,36.94,21.97,25.88
24/1/23,36.75,21.76,25.84
23/1/23,36.62,21.58,25.79
20/1/23,36.55,22.02,25.93
19/1/23,36.69,21.96,25.77
18/1/23,36.11,21.57,25.57
17/1/23,36.21,22.01,25.67
16/1/23,36.45,22.33,25.55
13/1/23,36.45,22.33,25.55
12/1/23,36.02,21.88,25.25
11/1/23,35.61,21.55,25.34
10/1/23,35.62,21.73,24.69
9/1/23,35.5,21.74,24.29
6/1/23,35.43,21.92,23.79
5/1/23,34.79,21.39,23.18
4/1/23,35.21,21.89,22.66
3/1/23,34.88,22.05,22.79
2/1/23,34.59,22.02,23.09
30/12/22,34.59,22.02,23.09
29/12/22,34.44,21.97,23.16
28/12/22,34.22,21.6,23.16
27/12/22,34.38,22.11,23.02
26/12/22,34.11,21.85,23.06
23/12/22,34.11,21.85,23.06
22/12/22,33.99,21.69,22.73
21/12/22,34.43,22.07,23.07
20/12/22,34.49,22.23,23.02
19/12/22,33.91,21.12,22.73
16/12/22,34,21.37,22.78
15/12/22,33.72,21.24,22.79
14/12/22,34.28,21.99,23.3
13/12/22,34.36,21.83,23.24
12/12/22,33.76,21.46,23.03
9/12/22,34.05,21.56,23.23
8/12/22,33.94,21.21,23.43
7/12/22,33.91,20.92,23.26
6/12/22,33.62,20.44,23.06
5/12/22,33.51,20.44,22.87
2/12/22,34.12,21.29,23.3
1/12/22,34.23,20.98,22.9
30/11/22,33.6,20.43,22.82
29/11/22,33.19,19.56,22.01
28/11/22,33.01,19.26,21.69
25/11/22,33.28,19.72,21.81
24/11/22,33.24,19.81,21.96
23/11/22,33.24,19.81,21.96
22/11/22,33.03,19.43,21.87
21/11/22,33.01,19.2,21.6
18/11/22,33.19,19.25,21.96
17/11/22,33.41,19.29,22.19
16/11/22,33.66,19.74,22.69
15/11/22,33.74,19.88,23.04
14/11/22,33.64,20.24,23.16
11/11/22,33.56,19.95,23.73
10/11/22,33.33,19.97,22.84
9/11/22,32.34,19.36,22.14
8/11/22,32.49,19.7,22.14
7/11/22,31.77,19.15,21.69
4/11/22,31.91,19.26,22.39
3/11/22,30.96,17.94,20.65
2/11/22,31.06,17.73,20.73
1/11/22,31.29,18.05,20.95
31/10/22,30.98,17.62,20.35
28/10/22,31.22,17.74,20.74
27/10/22,31.56,17.98,21.23
26/10/22,31.6,17.98,21.4
25/10/22,31.39,17.86,20.53
24/10/22,31.32,17.68,20.71
21/10/22,31.43,17.76,20.98
20/10/22,30.88,17.17,20.49
19/10/22,30.92,17.01,19.99
18/10/22,31.34,17.23,20.22
17/10/22,31.28,17.12,20.47
14/10/22,31.17,16.81,20.54
13/10/22,31.57,17.39,20.88
12/10/22,31.81,17.59,20.63
11/10/22,31.62,17.68,20.58
10/10/22,31.69,18.09,20.74
7/10/22,32.19,18.5,20.34
6/10/22,32.55,19.04,20.69
5/10/22,32.58,18.99,21.38
4/10/22,32.75,19.36,21.08
3/10/22,32.28,19.1,20.54
30/9/22,31.53,17.5,20.45
29/9/22,31.52,17.37,20.67
28/9/22,31.52,17.45,20.37
27/9/22,30.88,16.9,19.79
26/9/22,30.82,16.92,19.82
23/9/22,31.18,17.36,20.12
22/9/22,31.73,18.09,20.82
21/9/22,31.74,18.06,20.69
20/9/22,31.61,17.73,21.04
19/9/22,31.78,17.99,21.22
16/9/22,31.75,17.99,21.31
15/9/22,31.58,17.63,20.88
14/9/22,32.19,18,21.12
13/9/22,32.31,17.83,21.21
12/9/22,32.75,18.17,21.75
9/9/22,32.58,17.32,21.37
8/9/22,32.4,17.03,21.33
7/9/22,32.61,17,20.71
6/9/22,32.27,16.54,20.84
5/9/22,32.47,16.57,20.45
2/9/22,32.47,16.57,20.45
1/9/22,32.16,16.38,20.5
31/8/22,32.46,16.58,21.13
30/8/22,32.71,16.96,21.37
29/8/22,32.99,17.29,21.67
26/8/22,32.98,17.36,22.19
25/8/22,33.38,17.73,22.32
24/8/22,33.27,17.63,21.96
23/8/22,33.18,17.62,22.25
22/8/22,32.93,17.5,22.04
19/8/22,33.15,17.55,22.1
18/8/22,33.41,18.04,22.03
17/8/22,33.5,18.25,21.66
16/8/22,33.71,18.57,21.86
15/8/22,33.78,18.68,21.87
12/8/22,34.21,19.17,22.2
11/8/22,33.9,18.67,22.28
10/8/22,34.01,18.95,22
9/8/22,34.07,18.93,21.7
8/8/22,33.97,19.03,21.74
5/8/22,33.68,18.33,21.57
4/8/22,34.05,18.64,21.1
3/8/22,33.52,18.49,21.03
2/8/22,33.42,18.41,21.05
1/8/22,33.63,18.79,21.33
29/7/22,33.45,18.7,21.7
28/7/22,33.35,18.43,21.02
27/7/22,32.95,17.6,21
26/7/22,32.61,17.16,20.49
25/7/22,32.65,16.98,20.38
22/7/22,32.75,17.14,20.06
21/7/22,32.66,17.4,19.95
20/7/22,32.21,17.19,20.09
19/7/22,32.51,17.29,19.86
18/7/22,32.42,17.22,20.01
15/7/22,32.4,17.19,19.51
14/7/22,32.45,17,19.51
13/7/22,32.94,17.69,20.04
12/7/22,32.77,17.44,19.63
11/7/22,32.88,17.58,20.65
8/7/22,33.09,17.79,21.26
7/7/22,33.07,17.75,21.34
6/7/22,33.05,17.69,20.78
5/7/22,33.58,17.73,20.74
4/7/22,34.3,18.31,21.82
1/7/22,34.3,18.31,21.82
30/6/22,34.31,18.64,22.22
29/6/22,34.55,19.14,22.8
28/6/22,34.56,19.19,22.71
27/6/22,34.63,19.49,22.73
24/6/22,34.66,19.51,22.6
23/6/22,34.68,19.37,22.68
22/6/22,34.92,19.76,23.8
21/6/22,34.76,19.98,24.37
20/6/22,34.89,19.98,24.37
17/6/22,34.89,19.98,24.37
16/6/22,35.19,20.24,24.84
15/6/22,34.8,19.96,25.25
14/6/22,34.34,19.37,25.06
13/6/22,34.62,19.5,25.41
10/6/22,35.56,20.19,26.04
9/6/22,35.09,19.97,26.39
8/6/22,35.2,20.35,26.83
7/6/22,35.21,20.52,26.975
6/6/22,34.98,20.37,26.88
3/6/22,35.15,20.23,27.06
2/6/22,35.52,20.59,27.62
1/6/22,35.09,20.13,26.23
31/5/22,34.87,19.84,25.97
30/5/22,35.23,20.36,26.18
27/5/22,35.23,20.36,26.18
26/5/22,35.2,20.31,25.85
25/5/22,35.26,20.34,25.91
24/5/22,35.48,20.39,26.1
23/5/22,35.23,20.1,26.25
20/5/22,35.04,20.07,25.97
19/5/22,35.03,20.27,25.85
18/5/22,34.51,19.73,25.07
17/5/22,34.51,19.92,25.57
16/5/22,34.71,19.93,25.47
13/5/22,34.39,19.42,25.25
12/5/22,34.66,19.12,24.73
11/5/22,35.2,19.87,25.45
10/5/22,34.91,19.55,25.23
9/5/22,35.21,20.03,25.46
6/5/22,35.74,20.66,25.75
5/5/22,35.67,20.78,25.96
4/5/22,35.82,21.28,26.5
3/5/22,35.47,20.83,25.94
2/5/22,35.37,20.87,25.9
29/4/22,36.04,21.04,26.45
28/4/22,36.04,21.42,26.84
27/4/22,35.84,21.49,27
26/4/22,36.11,21.65,26.9
25/4/22,36.06,21.83,27.27
22/4/22,36.72,22.31,27.83
21/4/22,37.09,22.79,28.42
20/4/22,37.22,23.28,28.4
19/4/22,37.01,23.24,28.62
18/4/22,37.59,23.87,29.25
15/4/22,37.47,23.64,28.59
14/4/22,37.47,23.64,28.59
13/4/22,37.62,23.75,28.6
12/4/22,37.42,23.47,28.57
11/4/22,37.14,23.15,28.1
8/4/22,36.97,22.82,28.67
7/4/22,36.7,22.7,28.65
6/4/22,36.58,22.57,28.73
5/4/22,36.49,22.36,28.92
4/4/22,36.73,22.63,29.12
1/4/22,36.54,22.74,28.65
31/3/22,36.83,22.88,28.71
30/3/22,36.76,22.94,28.82
29/3/22,36.5,22.91,28.92
28/3/22,36.48,22.93,28.75
25/3/22,37.16,23.48,28.61
24/3/22,37.29,23.61,28.73
23/3/22,36.99,23.24,29.15
22/3/22,36.54,22.88,28.63
21/3/22,36.78,23.28,28.55
18/3/22,36.5,23.02,28.72
17/3/22,36.85,23.33,28.59
16/3/22,36.65,23.11,28.31
15/3/22,36.45,23,27.44
14/3/22,37.11,23.16,27.41
11/3/22,37.68,23.87,28
10/3/22,37.97,24.01,28.26
9/3/22,37.84,23.8,27.85
8/3/22,38.98,24.45,28.87
7/3/22,37.95,23.7,28.91
4/3/22,37.4,23.64,29.9
3/3/22,36.82,23.29,29.2
2/3/22,36.61,23.37,28.5
1/3/22,36.99,23.54,27.82
28/2/22,36.31,22.62,27.4
25/2/22,35.96,22.4,27.44
24/2/22,36.08,22.31,27.44
23/2/22,36.31,22.73,27.12
22/2/22,36.15,22.31,27.465
21/2/22,36.06,22.12,27.5605
18/2/22,36.06,22.12,27.5605
17/2/22,36.1,22.04,27.46
16/2/22,35.61,21.87,27.645
15/2/22,35.23,21.61,27.63
14/2/22,35.58,22.05,27.39
11/2/22,35.41,21.83,27.14
10/2/22,34.73,21.42,28.15
9/2/22,34.87,21.53,28.26
8/2/22,34.73,21.45,27.29
7/2/22,34.66,21.27,27.34
4/2/22,34.39,20.79,27.45
3/2/22,34.36,20.71,27.19
2/2/22,34.38,20.93,27.32
1/2/22,34.27,20.94,27.04
31/1/22,34.22,20.8,26.5
28/1/22,34.03,20.71,26.4
27/1/22,34.14,21.02,26.92
26/1/22,34.56,21.72,27.17
25/1/22,35.13,22.02,27.18
24/1/22,35.01,22.11,27.1
21/1/22,34.84,22.38,27.45
20/1/22,34.96,22.62,27.58
19/1/22,35.05,22.37,27.09
18/1/22,34.5,21.69,26.84
17/1/22,34.54,21.2,27.1
14/1/22,34.54,21.2,27.1
13/1/22,34.65,21.33,27.5
12/1/22,34.75,21.45,27.86
11/1/22,34.68,21.05,27.03
10/1/22,34.25,20.76,26.61
7/1/22,34.15,20.62,26.89
6/1/22,34,20.51,26.59
5/1/22,34.41,21,26.7
4/1/22,34.52,21.32,27.26
3/1/22,34.26,21.18,26.96
31/12/21,34.81,21.51,27.21
30/12/21,34.57,21.34,26.74
29/12/21,34.33,21.11,26.97
28/12/21,34.34,21.27,27.04
27/12/21,34.48,21.33,27.27
24/12/21,34.41,21.16,26.83
23/12/21,34.41,21.16,26.83
22/12/21,34.33,21.1,26.78
21/12/21,34.01,20.77,26.56
20/12/21,34.01,20.57,26.25
17/12/21,34.16,20.68,26.16
16/12/21,34.22,20.79,26.19
15/12/21,33.82,20.41,26
14/12/21,33.7,20.31,26.01
13/12/21,34,20.61,26.17
10/12/21,33.91,20.5,26.21
9/12/21,33.76,20.3,26.27
8/12/21,33.97,20.76,26.74
7/12/21,33.96,20.81,26.49
6/12/21,33.83,20.71,26.49
3/12/21,33.93,20.85,26.08
2/12/21,33.64,20.69,26.2
1/12/21,33.84,20.57,25.68
30/11/21,33.68,21.06,26.21
29/11/21,33.94,21.16,26.55
26/11/21,33.96,21.37,26.28
25/11/21,34.03,21.79,27.32
24/11/21,34.03,21.79,27.32
23/11/21,34.07,21.92,26.99
22/11/21,34.34,22.34,26.73
19/11/21,35.15,22.75,26.77
18/11/21,35.41,22.96,26.3
17/11/21,35.53,23.17,25.81
16/11/21,35.21,22.96,26.56
15/11/21,35.45,23.24,26.94
12/11/21,35.5,23.42,27.19
11/11/21,35.45,23.35,26.91
10/11/21,35.26,22.87,26.25
9/11/21,34.87,22.53,26.76
8/11/21,34.7,22.65,26.93
5/11/21,34.56,22.35,26.57
4/11/21,34.1,22,26.37
3/11/21,33.75,21.81,26.67
2/11/21,34.03,21.8,26.72
1/11/21,34.1,22.23,26.86
29/10/21,33.93,22.09,26.84
28/10/21,34.22,22.27,27.1
27/10/21,34.22,22.29,26.82
26/10/21,34.13,22.37,27.5
25/10/21,34.39,22.74,27.7
22/10/21,34.15,22.54,27.53
21/10/21,33.95,22.35,27.86
20/10/21,33.98,22.53,29.04
19/10/21,33.68,21.89,28.62
18/10/21,33.57,21.49,28.78
15/10/21,33.66,21.58,28.95
14/10/21,34.2,21.8,28.22
13/10/21,34.11,21.33,27.53
12/10/21,33.52,20.93,26.4
11/10/21,33.36,20.88,26.65
8/10/21,33.42,20.95,26.17
7/10/21,33.4,20.9,26.09
6/10/21,33.59,20.96,25.5
5/10/21,33.5,20.92,25.58
4/10/21,33.65,20.98,25.87
1/10/21,33.49,20.83,25.74
30/9/21,33.41,20.52,25.05
29/9/21,32.85,19.95,25.5
28/9/21,32.98,20.78,26.01
27/9/21,33.32,20.94,26.17
24/9/21,33.25,20.71,26.18
23/9/21,33.27,20.91,25.85
22/9/21,33.65,20.99,25.8
21/9/21,33.79,20.84,25.26
20/9/21,33.58,20.59,25.22
17/9/21,33.34,20.74,26.06
16/9/21,33.39,21.25,26.11
15/9/21,34.16,22.07,27
14/9/21,34.37,22.1,26.39
13/9/21,34.14,21.99,26.69
10/9/21,34.04,21.99,27.1
9/9/21,34.18,22.27,26.16
8/9/21,34.04,22.17,25.87
7/9/21,34.13,22.51,26.11
6/9/21,34.82,22.88,26.46
3/9/21,34.82,22.88,26.46
2/9/21,34.45,22.14,26.35
1/9/21,34.55,22.37,26.18
31/8/21,34.53,22.14,26.7
30/8/21,34.46,22.26,26.81
27/8/21,34.62,22.33,26.575
26/8/21,34.13,21.85,25.96
25/8/21,34.09,22.09,26.22
24/8/21,34.32,22.08,26
23/8/21,34.33,21.88,25.72
20/8/21,33.92,21.35,25.3
19/8/21,33.91,21.51,24.72
18/8/21,34.02,21.76,25.15
17/8/21,33.98,21.9,25.8
16/8/21,34.03,22.1,26.45
13/8/21,33.87,21.97,26.81
12/8/21,33.39,21.5,26.67
11/8/21,33.38,21.84,26.8
10/8/21,32.93,21.62,26.67
9/8/21,32.91,21.75,26.22
6/8/21,33.52,22.52,26.5
5/8/21,34.35,23.3,26.61
4/8/21,34.51,23.54,26.48
3/8/21,34.49,23.68,26.88
2/8/21,34.53,23.53,27.14
30/7/21,34.56,23.63,27.38
29/7/21,34.83,23.72,27.78
28/7/21,34.44,23.17,27.39
27/7/21,34.29,22.96,28
26/7/21,34.23,23.36,28.15
23/7/21,34.29,23.35,27.19
22/7/21,34.41,23.56,26.52
21/7/21,34.34,23.42,26.19
20/7/21,34.47,23.14,26.09
19/7/21,34.5,23.29,25.73
16/7/21,34.48,23.77,26.33
15/7/21,34.81,24.38,26.36
14/7/21,34.8,24.33,26.11
13/7/21,34.45,24.08,26.29
12/7/21,34.4,24.28,26.45
9/7/21,34.43,24.19,26.62
8/7/21,34.33,24.01,26.13
7/7/21,34.34,24.24,26.4
6/7/21,34.22,24.23,26.05
5/7/21,34.04,24.55,26.2
2/7/21,34.04,24.55,26.2
1/7/21,33.81,24.11,25.98
30/6/21,33.71,24.22,26.23
29/6/21,33.53,23.89,26.18
28/6/21,33.88,24.21,26.22
25/6/21,33.88,24.18,26.38
24/6/21,33.77,24.04,26.48
23/6/21,33.8,23.93,26.4
22/6/21,33.83,23.85,25.95
21/6/21,33.97,24.08,25.65
18/6/21,33.56,23.88,25.5
17/6/21,33.75,24.05,25.71
16/6/21,34.82,25.26,26.5
15/6/21,35.41,25.65,26.81
14/6/21,35.55,25.84,27.94
11/6/21,35.76,25.87,28
10/6/21,36.16,25.97,27.66
9/6/21,36.01,25.78,27.85
8/6/21,36.07,25.61,27.99
7/6/21,36.19,25.9,27.85
4/6/21,36.04,25.78,27.83
3/6/21,35.64,25.46,27.46
2/6/21,36.37,26.15,28.28
1/6/21,36.2,25.84,28.7
31/5/21,36.26,25.9,28.85
28/5/21,36.26,25.9,28.85
27/5/21,36.16,25.85,28.74
26/5/21,36.14,25.67,27.84
25/5/21,36.2,25.99,27.82
24/5/21,35.88,25.75,27.94
21/5/21,35.84,25.53,27.75
20/5/21,35.8,25.79,28
19/5/21,35.64,25.73,28.04
18/5/21,35.6,26.15,29.15
17/5/21,35.56,26.19,29.04
14/5/21,35.12,25.46,28.67
13/5/21,34.84,25.16,28.85
12/5/21,34.68,25.09,29.11
11/5/21,35.04,25.67,29.6
10/5/21,35.04,25.35,29.02
7/5/21,34.9,25.47,29.17
6/5/21,34.6,25.37,28.5
5/5/21,34.04,24.57,27.9
4/5/21,33.88,24.57,27.9
3/5/21,34.14,24.96,27.93
30/4/21,33.7,24.01,27.43
29/4/21,33.8,24.25,27.58
28/4/21,33.94,24.4,27.8
27/4/21,33.84,24.39,27.65
26/4/21,33.94,24.3,27.4
23/4/21,33.82,24.14,26.71
22/4/21,34,24.21,26.31
21/4/21,34.2,24.7,26.51
20/4/21,33.86,23.96,25.91
19/4/21,33.74,23.98,26.21
16/4/21,33.82,24.09,25.78
15/4/21,33.64,24.03,26.11
14/4/21,33.1,23.59,25.38
13/4/21,33.22,23.51,24.91
12/4/21,33,23.04,24.82
9/4/21,33.22,23.41,25.04
8/4/21,33.46,23.62,25.27
7/4/21,33.1,23.33,25.06
6/4/21,33.22,23.34,25.36
5/4/21,32.9,23.09,25.58
2/4/21,32.92,23.15,24.76
1/4/21,32.92,23.15,24.76
31/3/21,32.52,22.7,24.62
30/3/21,32.04,22.26,24.55
29/3/21,32.6,22.91,24.91
26/3/21,33,23.23,25.08
25/3/21,32.88,23.29,24.67
24/3/21,33,23.24,24.83
23/3/21,32.88,23.22,24.81
22/3/21,33.14,23.94,25.5
19/3/21,33.22,24.31,25.22
18/3/21,33.06,24.1,25.05
17/3/21,33.24,24.42,25.5
16/3/21,33.02,24.1,25.01
15/3/21,32.98,24.33,25.56
12/3/21,32.88,24.03,25.58
11/3/21,32.86,24.25,25.52
10/3/21,32.86,24.32,24.8
9/3/21,32.72,24.05,24.78
8/3/21,32.04,23.32,25.16
5/3/21,32.36,23.36,25.18
4/3/21,32.34,23.56,24.38
3/3/21,32.68,24.28,25.47
2/3/21,33.02,24.8,25.98
1/3/21,32.84,24.6,25.37
26/2/21,32.88,24.66,25.1
25/2/21,33.72,25.4,26.12
24/2/21,34.36,25.94,26.76
23/2/21,34.4,25.71,26.08
22/2/21,34.46,26.27,25.68
19/2/21,33.96,25.26,25.11
18/2/21,33.82,25.06,24.2
17/2/21,33.84,25.4,23.62
16/2/21,34.2,25.26,23.75
15/2/21,34.72,25.31,23.38
12/2/21,34.72,25.31,23.38
11/2/21,34.82,25.09,23.31
10/2/21,35.14,25.07,23.27
9/2/21,34.98,25.28,22.95
8/2/21,34.9,25.39,22.7
5/2/21,34.54,24.95,22.45
4/2/21,34.18,24.48,21.94
3/2/21,34.92,24.93,21.99
2/2/21,34.98,24.54,21.73
1/2/21,35.42,26.76,21.91
29/1/21,35.1,24.99,21.91
28/1/21,35.1,24.72,22.05
27/1/21,35.1,23.42,21.92
26/1/21,35.3,23.65,22.4
25/1/21,35.38,23.55,22.47
22/1/21,35.38,23.66,22.35
21/1/21,35.64,24.15,22.57
20/1/21,35.66,24.01,22.55
19/1/21,35.1,23.38,22.44
18/1/21,34.8,22.95,22.24
15/1/21,34.8,22.95,22.24
14/1/21,35.22,23.71,22.68
13/1/21,35.24,23.44,22.27
12/1/21,35.36,23.72,22.5
11/1/21,35.16,23.21,21.98
8/1/21,35.26,23.51,22.86
7/1/21,36.48,25.26,22.96
6/1/21,36.6,25.34,22.67
5/1/21,37.18,25.67,22.61
4/1/21,37.1,25.35,22.04
1/1/21,36.26,24.57,21.732
31/12/20,36.26,24.57,21.732
30/12/20,36.1,24.76,21.945
29/12/20,35.82,24.39,21.98
28/12/20,35.74,24.43,22.19
25/12/20,35.84,23.96,22.0136
24/12/20,35.84,23.96,22.0136
23/12/20,35.72,23.8,21.97
22/12/20,35.52,23.43,21.75
21/12/20,35.78,24.38,22.2
18/12/20,35.86,23.96,22.45
17/12/20,35.94,24.15,22.33
16/12/20,35.56,23.62,22.055
15/12/20,35.38,22.8,21.94
14/12/20,34.88,22.16,21.81
11/12/20,35.08,22.26,21.9
10/12/20,35,22.32,22.16
9/12/20,35.1,22.23,21.6748
8/12/20,35.66,22.82,21.64
7/12/20,35.54,22.82,21.75
4/12/20,35.04,22.48,21.8
3/12/20,35.12,22.43,21.58
2/12/20,34.84,22.33,21.69
1/12/20,34.58,22.3,21.72
30/11/20,33.9,21.05,21.33
27/11/20,34.08,21.05,21.113
26/11/20,34.46,21.72,20.59
25/11/20,34.46,21.72,20.59
24/11/20,34.48,21.63,20.595
23/11/20,35,21.93,20.32
20/11/20,35.74,22.49,20.4
19/11/20,35.62,22.42,19.955
18/11/20,35.68,22.55,19.85
17/11/20,35.88,22.74,19.9361
16/11/20,36,23.02,20.04
13/11/20,36,22.9,19.68
12/11/20,35.78,22.55,19.4
11/11/20,35.54,22.52,19.4
10/11/20,35.7,22.43,19.5
9/11/20,35.6,22.5,19.47
6/11/20,37.22,23.79,19.56
5/11/20,37.16,23.61,19.32
4/11/20,36.36,22.24,19.24
3/11/20,36.34,22.44,19.15
2/11/20,36.14,22.41,19.05
30/10/20,35.78,21.99,18.92
29/10/20,35.64,21.71,19.02
28/10/20,35.78,21.78,18.965
27/10/20,36.4,22.73,19.16
26/10/20,36.3,22.61,19.12
23/10/20,36.32,22.94,19.4481
22/10/20,36.34,22.96,19.53
21/10/20,36.74,23.29,19.76
20/10/20,36.44,23.02,19.48
19/10/20,36.26,22.58,19.06
16/10/20,36.22,22.42,18.99
15/10/20,36.36,22.59,19.16
14/10/20,36.22,22.54,18.8276
13/10/20,36.1,22.49,18.83
12/10/20,36.72,23.33,18.94
9/10/20,36.82,23.41,19.05
8/10/20,36.16,22.18,18.77
7/10/20,35.98,22.09,18.68
6/10/20,36,21.73,18.15
5/10/20,36.48,22.62,18.24
2/10/20,36.26,22.13,18.3
1/10/20,36.28,22.09,17.86
30/9/20,35.98,21.64,18.7
29/9/20,36.22,22.5,18.5
28/9/20,35.88,22.02,18.51
25/9/20,35.54,21.3,18.42
24/9/20,35.64,21.56,18.335
23/9/20,35.5,21.17,18.21
22/9/20,36.3,22.79,18.97
21/9/20,36.44,23.03,18.72
18/9/20,37.24,24.93,19.206
17/9/20,37.18,25.23,19.01
16/9/20,37.4,25.23,18.9
15/9/20,37.3,25.23,18.92
14/9/20,37.38,25.29,18.97
11/9/20,37.1,24.9,18.85
10/9/20,37.06,24.86,18.41
9/9/20,37.2,25.18,18.86
8/9/20,36.82,24.75,18.6999
7/9/20,36.92,25.06,19.07
4/9/20,36.92,25.06,19.07
3/9/20,36.8,24.74,18.4053
2/9/20,37.14,25.55,18.736
1/9/20,37.6,26.14,18.7276
31/8/20,37.54,26.23,18.96
28/8/20,37.46,25.61,18.81
27/8/20,36.8,25.16,18.62
26/8/20,37.26,25.57,18.52
25/8/20,36.84,24.76,18.38
24/8/20,36.8,24.6,18.2599
21/8/20,36.96,24.9,18.32
20/8/20,37.28,25.61,18.68
19/8/20,37.06,24.88,18.585
18/8/20,38.24,25.88,18.54
17/8/20,37.86,25.62,18.11
14/8/20,37.1,24.58,17.79
13/8/20,37.24,25.45,17.5
12/8/20,36.4,23.42,17.93
11/8/20,36.56,23.33,17.71
10/8/20,38.62,27,17.88
7/8/20,38.74,26.19,17.4717
6/8/20,39.42,26.88,18.1994
5/8/20,38.9,25.05,18.2012
4/8/20,38.54,24.25,18.155
3/8/20,37.7,22.74,18.29
31/7/20,37.72,22.65,17.95
30/7/20,37.32,21.76,18.1674
29/7/20,37.62,22.57,18.2913
28/7/20,37.36,22.77,18.18
27/7/20,37.02,22.83,18.16
24/7/20,36.32,21.21,18.0467
23/7/20,36.04,21.03,18.23
22/7/20,35.7,21.44,18.2091
21/7/20,35.18,19.67,18.4369
20/7/20,34.74,18.53,18.23
17/7/20,34.58,18.01,18.06
16/7/20,34.3,17.78,18.105
15/7/20,34.66,18.17,18.1205
14/7/20,34.58,17.97,18.35
13/7/20,34.42,17.73,18.15
10/7/20,34.36,17.43,18.165
9/7/20,34.48,17.38,17.7663
8/7/20,34.54,17.49,17.58
7/7/20,34.34,17.01,17.39
6/7/20,34.12,17.05,17.35
3/7/20,33.92,16.71,17.1058
2/7/20,33.92,16.71,17.1058
1/7/20,33.84,16.82,17.11
30/6/20,33.98,17.01,17.07
29/6/20,33.86,16.65,16.82
26/6/20,33.86,16.63,16.805
25/6/20,33.7,16.59,16.7598
24/6/20,33.74,16.28,16.69
23/6/20,33.82,16.76,16.67
22/6/20,33.56,16.5,16.65
19/6/20,33.32,16.49,16.5487
18/6/20,32.94,16.21,16.4216
17/6/20,33.04,16.33,16.245
16/6/20,33,16.26,16.15
15/6/20,32.96,16.23,16.29
12/6/20,33.06,16.28,16.38
11/6/20,32.98,16.44,16.08
10/6/20,33.22,16.96,16.87
9/6/20,32.76,16.42,16.38
8/6/20,32.44,16.59,16.45
5/6/20,32.12,16.2,16.04
4/6/20,32.78,16.54,15.57
3/6/20,32.44,16.48,15.57
2/6/20,33.04,16.84,15.69
1/6/20,33.28,17.1,15.59
29/5/20,33.06,16.66,15.51
28/5/20,32.84,16.19,15.0788
27/5/20,32.76,16.15,15.0794
26/5/20,32.72,15.97,15.3258
25/5/20,33.16,16.04,15.1526
22/5/20,33.16,16.04,15.1526
21/5/20,32.96,15.96,15.311
20/5/20,33.46,16.36,15.4591
19/5/20,33.36,16.17,15.21
18/5/20,33.1,15.79,15.26
15/5/20,33.34,15.51,14.85
14/5/20,33.14,14.81,14.74
13/5/20,32.8,14.55,14.79
12/5/20,32.56,14.42,14.8914
11/5/20,32.42,14.44,14.89
8/5/20,32.62,14.44,15.2999
7/5/20,32.84,14.26,14.92
6/5/20,32.28,13.92,14.9299
5/5/20,32.62,13.93,14.7616
4/5/20,32.54,13.77,14.8
1/5/20,32.44,13.92,14.55
30/4/20,32.22,13.98,14.95
29/4/20,32.86,14.28,15
28/4/20,32.68,14.1,14.785
27/4/20,32.86,14.21,14.9051
24/4/20,33,14.21,14.77
23/4/20,33.14,14.21,14.455
22/4/20,32.8,14.09,14.465
21/4/20,32.22,13.88,14.2
20/4/20,32.46,14.26,14.47
17/4/20,32.16,14.15,14.75
16/4/20,32.82,14.51,14.5449
15/4/20,32.98,14.49,14.5812
14/4/20,33.08,14.65,14.8741
13/4/20,32.76,14.4,14.61
10/4/20,32.18,14.34,14.62
9/4/20,32.18,14.34,14.62
8/4/20,31.38,13.94,14.25
7/4/20,31.76,13.99,14.14
6/4/20,31.88,14.03,13.83
3/4/20,31.06,13.46,13.6942
2/4/20,30.84,13.53,13.86
1/4/20,30.34,13.02,13.57
31/3/20,30.14,13.05,13.86
30/3/20,30.98,13.16,13.57
27/3/20,30.9,13.44,13.59
26/3/20,31.14,13.53,13.6797
25/3/20,30.7,13.51,13.79
24/3/20,31.04,13.29,13.74
23/3/20,29.7,12.31,13.03
20/3/20,28.46,11.62,13.32
19/3/20,28.06,11.32,13.54
18/3/20,28.52,11.21,13.5
17/3/20,29.2,11.88,14.4993
16/3/20,28.8,12,14.92
13/3/20,29.1,13.69,15.5739
12/3/20,29.98,14.62,15.31
11/3/20,31.24,15.63,15.5512
10/3/20,31.36,15.73,15.9005
9/3/20,32.08,15.88,15.58
6/3/20,32,16.18,16.01
5/3/20,31.98,16.3,16.0497
4/3/20,31.32,16.09,16.1883
3/3/20,31.24,16.02,16.1887
2/3/20,30.3,15.56,16.3501
28/2/20,30.14,15.53,15.88
27/2/20,31.24,16.47,16.01
26/2/20,31.26,16.68,16.065
25/2/20,31.12,16.71,16.039
24/2/20,31.7,17.4,16.12
21/2/20,31.42,17.28,16.3098
20/2/20,30.96,17.14,16.25
19/2/20,30.82,17.23,16.3967
18/2/20,30.64,17.01,16.39
17/2/20,30.26,16.56,16.325
14/2/20,30.26,16.56,16.325
13/2/20,30.14,16.46,16.43
12/2/20,29.94,16.33,16.38
11/2/20,29.96,16.48,16.2272
10/2/20,30.06,16.61,16.0515
7/2/20,30,16.54,16.02
6/2/20,29.94,16.63,16.3
5/2/20,29.76,16.46,16.25
4/2/20,29.72,16.45,15.9888
3/2/20,30.12,16.5,15.7548
31/1/20,30.34,16.82,15.78
30/1/20,30.14,16.68,15.995
29/1/20,30.12,16.41,16.1058
28/1/20,29.98,16.32,16.2
27/1/20,30.26,16.89,16.3
24/1/20,30.04,16.91,16.8411
23/1/20,29.88,16.61,17.14
22/1/20,29.8,16.66,17.3967
21/1/20,29.8,16.64,17.5
20/1/20,29.78,16.82,17.87
17/1/20,29.78,16.82,17.87
16/1/20,29.7,16.77,17.865
15/1/20,29.76,16.81,17.95
14/1/20,29.56,16.62,17.98
13/1/20,29.6,16.78,17.92
10/1/20,29.84,16.89,17.62
9/1/20,29.64,16.72,17.5401
8/1/20,29.82,16.93,17.5851
7/1/20,30.04,17.17,17.525
6/1/20,29.92,16.94,17.47
3/1/20,29.62,16.84,17.4521
2/1/20,29.22,16.81,17.6954
1/1/20,29,16.68,17.54
31/12/19,29,16.68,17.54
30/12/19,28.98,16.74,17.68
27/12/19,28.88,16.58,17.7003
26/12/19,28.9,16.73,17.845
25/12/19,28.66,16.58,17.7015
24/12/19,28.66,16.58,17.7015
23/12/19,28.4,16.28,17.5778
20/12/19,28.24,16.04,17.55
19/12/19,28.26,15.94,17.68
18/12/19,28.2,15.9,17.6007
17/12/19,28.2,15.88,17.58
16/12/19,28.24,15.91,17.6
13/12/19,28.24,15.84,17.451
12/12/19,28.1,15.85,17.6326
11/12/19,28.22,15.75,17.5
10/12/19,28,15.57,17.34
9/12/19,27.94,15.5,17.26
6/12/19,27.92,15.48,17.2255
5/12/19,28.22,15.85,16.68
4/12/19,28.18,15.76,16.632
3/12/19,28.24,16.05,16.45
2/12/19,27.96,15.8,16.62
29/11/19,27.96,15.92,16.652
28/11/19,27.82,15.84,16.9104
27/11/19,27.82,15.84,16.9104
26/11/19,27.96,15.99,16.8829
25/11/19,27.82,15.78,16.665
22/11/19,27.96,15.9,16.6125
21/11/19,28,15.99,16.52
20/11/19,28.16,16.04,16.63
19/11/19,28.16,16.02,16.7
18/11/19,28.16,15.92,16.48
15/11/19,28.06,15.85,16.61
14/11/19,28.12,15.9,16.5049
13/11/19,28,15.83,16.58
12/11/19,27.9,15.72,16.65
11/11/19,27.8,15.75,16.7
8/11/19,27.9,15.7,16.885
7/11/19,28.06,16,17.005
6/11/19,28.52,16.47,16.735
5/11/19,28.38,16.44,16.9363
4/11/19,28.86,16.85,16.6998
1/11/19,28.92,16.92,16.665
31/10/19,28.92,16.92,16.5354
30/10/19,28.64,16.73,16.82
29/10/19,28.44,16.65,16.8656
28/10/19,28.54,16.68,16.85
25/10/19,28.8,16.89,16.825
24/10/19,28.74,16.65,16.7225
23/10/19,28.54,16.39,16.715
22/10/19,28.46,16.37,16.5314
21/10/19,28.36,16.41,16.5813
18/10/19,28.5,16.41,16.53
17/10/19,28.54,16.4,16.3058
16/10/19,28.5,16.26,16.21
15/10/19,28.36,16.27,16.37
14/10/19,28.52,16.49,16.505
11/10/19,28.42,16.37,16.4696
10/10/19,28.58,16.37,16.3441
9/10/19,28.84,16.6,16.08
8/10/19,28.82,16.61,16.0936
7/10/19,28.56,16.3,16.13
4/10/19,28.82,16.41,16.0707
3/10/19,28.82,16.43,16.01
2/10/19,28.68,16.43,16.1031
1/10/19,28.34,16.15,16.085
30/9/19,28.2,15.92,16.125
27/9/19,28.64,16.36,16.29
26/9/19,28.78,16.67,16.1558
25/9/19,28.78,16.71,16.355
24/9/19,29.32,17.44,16.3133
23/9/19,29.18,17.51,16.3816
20/9/19,29.02,16.8,16.25
19/9/19,28.68,16.62,16.34
18/9/19,28.54,16.55,16.36
17/9/19,28.72,16.86,16.445
16/9/19,28.68,16.74,16.56
13/9/19,28.44,16.31,16.92
12/9/19,28.66,16.92,16.53
11/9/19,28.62,16.95,16.37
10/9/19,28.44,16.85,16.41
9/9/19,28.68,16.83,16.46
6/9/19,28.82,16.87,16.43
5/9/19,29.06,17.41,16.5
4/9/19,29.76,18.34,16.2251
3/9/19,29.58,17.89,15.8459
2/9/19,29.12,17.15,16
30/8/19,29.12,17.15,16
29/8/19,29.24,17.07,16.1108
28/8/19,29.46,17.17,16.0718
27/8/19,29.52,17.03,16
26/8/19,29.26,16.52,15.91
23/8/19,29.24,16.35,15.88
22/8/19,28.68,15.97,16.0582
21/8/19,28.72,16.05,16.1699
20/8/19,28.84,16.05,16.1437
19/8/19,28.64,15.79,16.2868
16/8/19,28.98,16.02,16.23
15/8/19,29.16,16.13,16.27
14/8/19,28.96,16.08,16.2772
13/8/19,28.76,15.87,16.4935
12/8/19,28.92,15.98,16.1841
9/8/19,28.66,15.89,16.2634
8/8/19,28.78,15.89,16.2903
7/8/19,28.6,15.97,16.215
6/8/19,28.2,15.38,16.08
5/8/19,27.96,15.33,16.01
2/8/19,27.58,15.19,16.1159
1/8/19,27.66,15.34,16.46
31/7/19,27.04,15.21,16.6951
30/7/19,27.38,15.5,16.7845
29/7/19,27.28,15.4,17.0301
26/7/19,27.1,15.31,16.85
25/7/19,27.06,15.36,16.96
24/7/19,27.24,15.52,16.9897
23/7/19,27.12,15.34,16.9143
22/7/19,27.26,15.35,17.0292
19/7/19,27.3,15.17,17.17
18/7/19,27.66,15.29,17.0199
17/7/19,27.28,14.94,16.9585
16/7/19,26.86,14.54,16.8901
15/7/19,27.08,14.42,16.96
12/7/19,27.08,14.26,16.86
11/7/19,26.92,14.17,16.8
10/7/19,27.14,14.26,16.82
9/7/19,26.72,14.14,16.44
8/7/19,26.64,14.05,16.64
5/7/19,26.8,14.06,16.65
4/7/19,27.12,14.32,16.75
3/7/19,27.12,14.32,16.75
2/7/19,27.06,14.29,16.66
1/7/19,26.5,14.18,16.77
28/6/19,27,14.33,16.96
27/6/19,26.96,14.28,17.01
26/6/19,26.96,14.32,16.97
25/6/19,27.24,14.38,17.09
24/6/19,27.18,14.46,16.95
21/6/19,26.78,14.36,16.83
20/6/19,26.58,14.45,16.99
19/6/19,25.94,14.17,16.82
18/6/19,25.76,14.05,16.93
17/6/19,25.64,13.9,16.57
14/6/19,25.66,13.91,16.43
13/6/19,25.66,13.96,16.61
12/6/19,25.52,13.84,16.54
11/6/19,25.38,13.81,16.72
10/6/19,25.44,13.78,16.6451
7/6/19,25.66,14.06,16.37
6/6/19,25.52,13.92,16.53
5/6/19,25.46,13.88,16.405
4/6/19,25.4,13.89,16.67
3/6/19,25.36,13.87,16.62
31/5/19,25.02,13.65,16.47
30/5/19,24.66,13.6,16.56
29/5/19,24.5,13.52,16.67
28/5/19,24.48,13.46,16.84
27/5/19,24.58,13.65,16.91
24/5/19,24.58,13.65,16.91
23/5/19,24.56,13.68,16.7897
22/5/19,24.38,13.54,16.73
21/5/19,24.38,13.53,17
20/5/19,24.44,13.55,17.06
17/5/19,24.44,13.52,17.0843
16/5/19,24.64,13.65,17.1748
15/5/19,24.8,13.85,17.16
14/5/19,24.84,13.86,17.01
13/5/19,24.88,13.84,16.99
10/5/19,24.64,13.84,17.356
9/5/19,24.6,13.83,17.305
8/5/19,24.52,13.89,17.335
7/5/19,24.58,13.98,17.43
6/5/19,24.5,13.98,17.7854
3/5/19,24.46,13.96,17.64
2/5/19,24.34,13.71,17.41
1/5/19,24.42,13.75,17.48
30/4/19,24.58,14.02,18.185
29/4/19,24.5,13.99,18.14
26/4/19,24.6,14.1,18.11
25/4/19,24.46,14,17.92
24/4/19,24.44,14,18.2663
23/4/19,24.36,13.91,18.1606
22/4/19,24.42,14.08,18.19
19/4/19,24.44,14.06,18.2957
18/4/19,24.44,14.06,18.2957
17/4/19,24.42,14.05,18.57
16/4/19,24.46,14.07,18.3783
15/4/19,24.66,14.06,18.4
12/4/19,24.7,14.05,18.4114
11/4/19,24.74,14.02,18.13
10/4/19,25.04,14.28,18.3372
9/4/19,24.96,14.28,18.39
8/4/19,24.86,14.31,18.3502
5/4/19,24.74,14.17,18.1042
4/4/19,24.76,14.22,18.245
3/4/19,24.7,14.2,18.41
2/4/19,24.74,14.16,18.19
1/4/19,24.64,14.15,18.2998
29/3/19,24.76,14.18,18.3194
28/3/19,24.72,14.07,18
27/3/19,25.08,14.32,17.895
26/3/19,25.22,14.47,17.88
25/3/19,25.34,14.56,17.86
22/3/19,25.14,14.45,17.835
21/3/19,25.08,14.5,18.21
20/3/19,25.18,14.54,18.345
19/3/19,25.02,14.4,18.275
18/3/19,24.96,14.39,18.225
15/3/19,24.92,14.33,18.2127
14/3/19,24.82,14.24,18.0924
13/3/19,25.12,14.51,18.335
12/3/19,24.94,14.48,18.3386
11/3/19,24.78,14.37,18.19
8/3/19,24.9,14.41,18.14
7/3/19,24.62,14.09,18.24
6/3/19,24.64,14.15,18.29
5/3/19,24.68,14.2,18.37
4/3/19,24.66,14.15,18.22
1/3/19,24.72,14.2,18.26
28/2/19,25.16,14.63,18.4085
27/2/19,25.3,14.75,18.55
26/2/19,25.46,14.94,18.4256
25/2/19,25.44,14.9,18.42
22/2/19,25.46,14.95,18.44
21/2/19,25.34,14.83,18.17
20/2/19,25.66,15.07,18.225
19/2/19,25.68,15.02,17.9666
18/2/19,25.32,14.82,17.5921
15/2/19,25.32,14.82,17.5921
14/2/19,25.16,14.65,17.36
13/2/19,25.02,14.59,17.35
12/2/19,25.12,14.73,17.36
11/2/19,25.06,14.72,17.4302
8/2/19,25.18,14.83,17.577
7/2/19,25.1,14.77,17.717
6/2/19,25.02,14.68,17.6778
5/2/19,25.18,14.87,17.6384
4/2/19,25.12,14.88,17.54
1/2/19,25.24,14.92,17.32
31/1/19,25.28,15.05,17.37
30/1/19,25.26,15.05,17.37
29/1/19,25.14,14.88,17.01
28/1/19,24.96,14.79,16.84
25/1/19,24.9,14.74,17.066
24/1/19,24.52,14.36,16.5568
23/1/19,24.58,14.42,16.66
22/1/19,24.6,14.39,16.6237
21/1/19,24.54,14.37,16.98
18/1/19,24.54,14.37,16.98
17/1/19,24.76,14.57,16.88
16/1/19,24.78,14.63,16.74
15/1/19,24.7,14.6,16.55
14/1/19,24.74,14.66,16.4327
11/1/19,24.68,14.64,16.596
10/1/19,24.64,14.6,16.51
9/1/19,24.78,14.78,16.67
8/1/19,24.64,14.69,16.5734
7/1/19,24.7,14.67,16.4517
4/1/19,24.64,14.73,16.5155
3/1/19,24.82,14.75,16.1
2/1/19,24.6,14.56,16.28
1/1/19,24.58,14.52,16.4441
31/12/18,24.58,14.52,16.4441
28/12/18,24.54,14.42,16.727
27/12/18,24.42,14.3,16.7648
26/12/18,24.28,14.11,16.88
25/12/18,24.3,13.87,16.6158
24/12/18,24.3,13.87,16.6158
21/12/18,24.06,13.74,16.6362
20/12/18,24.18,13.85,16.78
19/12/18,23.82,13.69,16.66
18/12/18,23.92,13.75,16.62
17/12/18,23.88,13.77,17.12
14/12/18,23.74,13.7,17.22
13/12/18,23.84,13.86,17.2727
12/12/18,23.88,13.82,17.2326
11/12/18,23.82,13.66,17.2543
10/12/18,23.84,13.65,16.9858
7/12/18,23.92,13.73,17.23
6/12/18,23.72,13.6,17.16
5/12/18,23.74,13.62,17.2017
4/12/18,23.74,13.62,17.2017
3/12/18,23.58,13.49,17.6502
30/11/18,23.42,13.32,17.42
29/11/18,23.46,13.43,17.3926
28/11/18,23.4,13.43,17.49
27/11/18,23.28,13.29,17.045
26/11/18,23.44,13.39,17.2301
23/11/18,23.44,13.42,17.34
22/11/18,23.5,13.6,17.4799
21/11/18,23.5,13.6,17.4799
20/11/18,23.44,13.45,17.23
19/11/18,23.46,13.55,17.4879
16/11/18,23.4,13.53,17.5
15/11/18,23.24,13.42,17.2713
14/11/18,23.22,13.28,17.06
13/11/18,23.02,13.15,16.79
12/11/18,23.02,13.17,16.77
9/11/18,23.2,13.32,16.8357
8/11/18,23.44,13.56,17.12
7/11/18,23.5,13.67,17.18
6/11/18,23.5,13.65,17.14
5/11/18,23.6,13.76,17.27
2/11/18,23.64,13.86,17.64
1/11/18,23.64,13.83,17.05
31/10/18,23.34,13.41,16.68
30/10/18,23.46,13.61,16.77
29/10/18,23.56,13.59,16.97
26/10/18,23.64,13.81,17.19
25/10/18,23.6,13.74,17.32
24/10/18,23.62,13.79,17.25
23/10/18,23.58,13.83,17.34
22/10/18,23.44,13.68,17.44
19/10/18,23.5,13.74,17.46
18/10/18,23.5,13.7,17.15
17/10/18,23.44,13.74,17.37
16/10/18,23.5,13.78,17.43
15/10/18,23.5,13.8,17.492
12/10/18,23.36,13.74,17.6799
11/10/18,23.44,13.67,17.3645
10/10/18,22.88,13.45,17.32
9/10/18,22.84,13.53,17.63
8/10/18,22.78,13.53,17.4199
5/10/18,23.06,13.75,17.345
4/10/18,22.98,13.71,17.47
3/10/18,23,13.78,17.7313
2/10/18,23.06,13.79,17.5811
1/10/18,22.8,13.62,17.48
28/9/18,22.86,13.73,17.58
27/9/18,22.72,13.41,17.43
26/9/18,22.9,13.49,17.7
25/9/18,23.04,13.59,17.6706
24/9/18,22.98,13.41,17.711
21/9/18,22.98,13.44,17.85
20/9/18,23.14,13.45,17.32
19/9/18,23.06,13.4,17.12
18/9/18,22.98,13.31,17.15
17/9/18,23,13.31,16.5801
14/9/18,22.92,13.23,16.44
13/9/18,23.04,13.35,16.82
12/9/18,23.12,13.39,16.8299
11/9/18,22.96,13.28,16.44
10/9/18,22.92,13.31,16.46
7/9/18,22.92,13.32,16.38
6/9/18,23.02,13.31,16.54
5/9/18,22.96,13.35,16.42
4/9/18,22.9,13.31,16.34
3/9/18,23,13.65,16.7212
31/8/18,23,13.65,16.7212
30/8/18,23.02,13.7,16.88
29/8/18,23.14,13.87,17.05
28/8/18,23.04,13.84,17.17
27/8/18,23.2,13.99,17.0701
24/8/18,23.12,13.92,17.029
23/8/18,22.74,13.65,16.88
22/8/18,22.94,13.88,16.88
21/8/18,22.9,13.89,16.94
20/8/18,22.82,13.88,16.8498
17/8/18,22.7,13.92,16.8181
16/8/18,22.52,13.77,16.4649
15/8/18,22.54,13.57,16.32
14/8/18,22.92,14.17,16.96
13/8/18,22.9,14.1,17.28
10/8/18,23.22,14.41,17.315
9/8/18,23.24,14.52,17.4503
8/8/18,23.26,14.5,17.4048
7/8/18,23.2,14.43,17.41
6/8/18,23.16,14.4,17.2175
3/8/18,23.28,14.5,17.4148
2/8/18,23.18,14.43,17.245
1/8/18,23.32,14.48,17.29
31/7/18,23.48,14.61,17.8979
30/7/18,23.44,14.58,17.65
27/7/18,23.46,14.57,17.64
26/7/18,23.46,14.49,17.701
25/7/18,23.64,14.68,18.0499
24/7/18,23.5,14.58,17.7
23/7/18,23.5,14.47,17.3
20/7/18,23.62,14.59,17.38
19/7/18,23.46,14.42,17.1
18/7/18,23.54,14.63,17.47
17/7/18,23.54,14.67,17.38
16/7/18,23.82,14.85,17.54
13/7/18,23.8,14.88,17.56
12/7/18,23.9,15,17.5681
11/7/18,23.8,14.86,17.3766
10/7/18,24.08,15.12,17.89
9/7/18,24.12,15.17,18.1475
6/7/18,24.06,15.08,17.8
5/7/18,24.1,15.1,17.9102
4/7/18,24.02,15.03,18.43
3/7/18,24.02,15.03,18.43
2/7/18,23.8,14.91,18.481
29/6/18,24.04,15.15,18.7111
28/6/18,23.94,15.07,18.74
27/6/18,24,15.12,18.8897
26/6/18,24.14,15.33,19.05
25/6/18,24.28,15.37,18.93
22/6/18,24.36,15.5,19.27
21/6/18,24.3,15.36,19.26
20/6/18,24.36,15.34,19.3278
19/6/18,24.46,15.36,19.35
18/6/18,24.52,15.51,19.8708
15/6/18,24.58,15.6,19.93
14/6/18,25,16.17,20.424
13/6/18,24.94,16.08,20.73
12/6/18,24.86,15.87,20.59
11/6/18,24.94,15.94,20.65
8/6/18,24.92,15.78,20.92
7/6/18,24.88,15.72,20.7
6/6/18,24.88,15.7,20.7792
5/6/18,24.88,15.52,20.41
4/6/18,24.78,15.45,19.98
1/6/18,24.82,15.44,19.6461
31/5/18,24.92,15.46,19.55
30/5/18,24.98,15.55,19.55
29/5/18,24.96,15.44,19.42
28/5/18,24.96,15.53,19.69
25/5/18,24.96,15.53,19.69
24/5/18,25.02,15.69,19.69
23/5/18,24.82,15.5,19.49
22/5/18,24.8,15.58,19.5702
21/5/18,24.82,15.54,19.5702
18/5/18,24.8,15.48,19.5702
17/5/18,24.76,15.47,19.5702
16/5/18,24.78,15.41,19.53
15/5/18,24.8,15.33,19.36
14/5/18,25.22,15.56,19.62
11/5/18,25.3,15.7,19.76
10/5/18,25.34,15.74,19.7459
9/5/18,25.2,15.53,19.4097
8/5/18,25.24,15.51,19.49
7/5/18,25.24,15.52,19.545
4/5/18,25.24,15.54,19.54
3/5/18,25.18,15.46,19.61
2/5/18,25.06,15.42,19.45
1/5/18,25.06,15.24,19.36
30/4/18,25.24,15.38,19.5
27/4/18,25.42,15.57,19.53
26/4/18,25.3,15.58,19.92
25/4/18,25.38,15.61,20
24/4/18,25.58,15.76,20.05
23/4/18,25.44,15.67,19.81
20/4/18,25.64,16.13,20.02
19/4/18,25.86,16.26,19.96
18/4/18,25.88,16.18,20.1504
17/4/18,25.88,15.8,19.64
16/4/18,25.86,15.72,19.6956
13/4/18,25.82,15.68,19.5637
12/4/18,25.64,15.52,19.5
11/4/18,25.94,15.69,19.85
10/4/18,25.76,15.62,19.95
9/4/18,25.68,15.56,19.548
6/4/18,25.62,15.43,19.42
5/4/18,25.48,15.45,19.37
4/4/18,25.62,15.38,19.2012
3/4/18,25.58,15.46,19.505
2/4/18,25.78,15.65,19.41
30/3/18,25.46,15.41,19.1952
29/3/18,25.46,15.41,19.1952
28/3/18,25.46,15.36,19.12
27/3/18,25.82,15.57,19.04
26/3/18,25.98,15.72,19.04
23/3/18,25.86,15.58,19.05
22/3/18,25.5,15.44,19.3
21/3/18,25.6,15.65,19.65
20/3/18,25.16,15.28,19.37
19/3/18,25.28,15.39,19.5601
16/3/18,25.22,15.39,19.75
15/3/18,25.28,15.45,19.95
14/3/18,25.44,15.61,20.12
13/3/18,25.46,15.61,19.97
12/3/18,25.4,15.61,19.8507
9/3/18,25.4,15.63,19.995
8/3/18,25.38,15.55,19.605
7/3/18,25.42,15.53,19.98
6/3/18,25.6,15.78,20.055
5/3/18,25.32,15.49,19.84
2/3/18,25.36,15.56,19.95
1/3/18,25.24,15.54,19.94
28/2/18,25.32,15.46,19.96
27/2/18,25.3,15.48,20.25
26/2/18,25.58,15.68,20.55
23/2/18,25.54,15.59,20.54
22/2/18,25.58,15.66,20.62
21/2/18,25.42,15.54,20.5
20/2/18,25.54,15.54,20.43
19/2/18,25.9,15.73,20.65
16/2/18,25.9,15.73,20.65
15/2/18,25.98,15.91,20.7
14/2/18,25.96,15.91,20.69
13/2/18,25.52,15.62,20.28
12/2/18,25.36,15.57,19.79
9/2/18,25.26,15.39,19.5
8/2/18,25.3,15.46,19.62
7/2/18,25.24,15.41,19.7784
6/2/18,25.38,15.65,20.46
5/2/18,25.7,15.74,20.46
2/2/18,25.6,15.66,20.256
1/2/18,25.94,16.25,20.52
31/1/18,25.84,16.35,20.45
30/1/18,25.66,16.15,20.3514
29/1/18,25.76,16.21,20.43
26/1/18,25.94,16.41,20.4641
25/1/18,25.88,16.31,20.4728
24/1/18,26.1,16.56,20.6
23/1/18,25.76,16.08,19.9448
22/1/18,25.62,16.04,20.45
19/1/18,25.56,16.05,20.335
18/1/18,25.5,15.97,20.4166
17/1/18,25.54,16.06,20.33
16/1/18,25.72,16.25,20.5106
15/1/18,25.72,16.27,20.5852
12/1/18,25.72,16.27,20.5852
11/1/18,25.38,16.01,20.61
10/1/18,25.32,16.02,20.65
9/1/18,25.26,16.03,20.53
8/1/18,25.38,16.15,20.6399
5/1/18,25.38,16.22,20.62
4/1/18,25.42,16.23,20.7784
3/1/18,25.28,16.17,20.81
2/1/18,25.34,16.21,20.9224
1/1/18,25.02,15.99,21.0591
29/12/17,25.02,15.99,21.0591
28/12/17,24.88,15.88,21.1604
27/12/17,24.76,15.73,20.9448
26/12/17,24.64,15.59,20.89
25/12/17,24.5,15.4,20.695
22/12/17,24.5,15.4,20.695
21/12/17,24.36,15.22,20.55
20/12/17,24.3,15.25,20.4148
19/12/17,24.24,15.22,20.055
18/12/17,24.22,15.22,20.07
15/12/17,24.12,15.15,20
14/12/17,24.08,15.02,19.56
13/12/17,24.12,15.15,19.58
12/12/17,23.92,14.86,19.31
11/12/17,23.88,14.85,19.2199
8/12/17,23.98,14.96,19.05
7/12/17,23.98,14.87,18.921
6/12/17,24.3,15.1,18.98
5/12/17,24.34,15.23,18.88
4/12/17,24.54,15.44,19.645
1/12/17,24.6,15.53,19.7536
30/11/17,24.5,15.51,19.66
29/11/17,24.7,15.64,19.61
28/11/17,24.86,15.91,19.82
27/11/17,24.88,16.1,20.1278
24/11/17,24.76,16.08,20.42
23/11/17,24.84,16.17,20.2
22/11/17,24.84,16.17,20.2
21/11/17,24.6,16.01,20.15
20/11/17,24.56,15.98,19.89
17/11/17,24.86,16.31,19.78
16/11/17,24.58,16.12,19.66
15/11/17,24.56,16.03,19.65
14/11/17,24.62,16.08,19.6425
13/11/17,24.56,16.09,20.09
10/11/17,24.52,15.95,19.7456
9/11/17,24.7,16.07,19.89
8/11/17,24.62,16.06,19.92
7/11/17,24.52,16.01,19.82
6/11/17,24.62,16.27,20.34
3/11/17,24.42,15.92,20.06
2/11/17,24.54,16.17,20.1375
1/11/17,24.5,16.18,20.08
31/10/17,24.42,15.79,19.8962
30/10/17,24.52,15.91,20.0099
27/10/17,24.46,15.91,19.975
26/10/17,24.36,15.85,20.43
25/10/17,24.58,16.01,20.3828
24/10/17,24.54,16.02,20.57
23/10/17,24.66,16.14,20.4
20/10/17,24.6,16.08,20.2518
19/10/17,24.78,16.27,20.3689
18/10/17,24.62,16.06,20.39
17/10/17,24.72,16.09,20.535
16/10/17,24.9,16.25,20.75
13/10/17,25.08,16.41,20.04
12/10/17,24.86,16.26,20.05
11/10/17,24.86,16.25,19.87
10/10/17,24.78,16.15,19.685
9/10/17,24.7,16.02,19.505
6/10/17,24.48,15.85,19.485
5/10/17,24.38,15.69,19.5
4/10/17,24.5,15.69,18.9704
3/10/17,24.44,15.71,18.93
2/10/17,24.42,15.67,18.93
29/9/17,24.62,15.74,18.95
28/9/17,24.72,15.92,18.745
27/9/17,24.66,15.83,18.745
26/9/17,24.92,15.91,18.7399
25/9/17,25.2,16.21,18.83
22/9/17,24.94,16.05,18.88
21/9/17,24.82,16.03,18.8152
20/9/17,25,16.19,18.9796
19/9/17,25.2,16.36,19.0455
18/9/17,25.14,16.27,19.04
15/9/17,25.4,16.62,18.946
14/9/17,25.52,16.77,18.95
13/9/17,25.42,16.76,19.075
12/9/17,25.6,16.89,19.46
11/9/17,25.52,16.77,19.728
8/9/17,25.9,17.02,19.5049
7/9/17,25.92,17.1,20.13
6/9/17,25.66,16.87,20.205
5/9/17,25.78,16.91,20.0389
4/9/17,25.5,16.73,19.95
1/9/17,25.5,16.73,19.95
31/8/17,25.44,16.65,19.801
30/8/17,25.16,16.46,19.8126
29/8/17,25.16,16.42,19.959
28/8/17,25.2,16.5,19.85
25/8/17,24.84,16.11,19.63
24/8/17,24.72,16.03,19.63
23/8/17,24.8,16.15,19.28
22/8/17,24.72,16.07,19.3
21/8/17,24.82,16.07,19.2386
18/8/17,24.74,16.1,18.9178
17/8/17,24.78,16.12,18.71
16/8/17,24.66,16.15,19.19
15/8/17,24.46,15.74,18.6358
14/8/17,24.64,16.13,18.7629
11/8/17,24.82,16.17,18.7941
10/8/17,24.72,16.18,18.7294
9/8/17,24.52,15.98,18.83
8/8/17,24.24,15.56,18.9307
7/8/17,24.2,15.33,18.7381
4/8/17,24.22,15.38,18.62
3/8/17,24.4,15.72,18.58
2/8/17,24.34,15.67,18.6087
1/8/17,24.42,15.79,18.566
31/7/17,24.44,15.9,18.6367
28/7/17,24.42,15.81,18.5886
27/7/17,24.22,15.68,18.5371
26/7/17,24.24,15.75,18.5688
25/7/17,24.06,15.59,18.2744
24/7/17,24.16,15.58,17.516
21/7/17,24.12,15.6,17.516
20/7/17,23.9,15.42,17.56
19/7/17,23.86,15.4,17.6537
18/7/17,23.9,15.38,17.6537
17/7/17,23.72,15.22,17.61
14/7/17,23.62,15.08,17.05
13/7/17,23.42,14.87,17.05
12/7/17,23.46,15.05,17.05
11/7/17,23.38,14.99,17.05
10/7/17,23.34,14.83,17.05
7/7/17,23.3,14.73,17.2
6/7/17,23.54,15.15,17.2
5/7/17,23.58,15.18,17.1297
4/7/17,23.46,15.3,17.27
3/7/17,23.46,15.3,17.27
30/6/17,23.88,15.71,17.46
29/6/17,23.92,15.73,17.24
28/6/17,24.06,15.92,17.24
27/6/17,24.04,15.79,17.07
26/6/17,23.92,15.68,17.02
23/6/17,24.16,15.79,16.9944
22/6/17,24.06,15.68,16.825
21/6/17,23.96,15.54,16.825
20/6/17,23.9,15.59,16.8
19/6/17,23.96,15.61,16.8
16/6/17,24.14,15.79,16.638
15/6/17,24.14,15.88,16.638
14/6/17,24.24,15.95,16.83
13/6/17,24.38,15.95,16.83
12/6/17,24.34,16.04,16.9001
9/6/17,24.4,16.28,17.0606
8/6/17,24.6,16.49,16.85
7/6/17,24.78,16.65,16.67
6/6/17,24.9,16.76,16.5467
5/6/17,24.62,16.63,16.5993
2/6/17,24.58,16.59,16.7
1/6/17,24.42,16.38,16.849
31/5/17,24.4,16.39,16.7633
30/5/17,24.28,16.47,16.61
29/5/17,24.38,16.4,16.66
26/5/17,24.38,16.4,16.66
25/5/17,24.18,16.23,16.8672
24/5/17,24.2,16.28,16.81
23/5/17,24.1,16.15,16.79
22/5/17,24.24,16.23,16.845
19/5/17,24.16,15.94,16.825
18/5/17,24.04,15.71,16.4318
17/5/17,24.24,16,16.53
16/5/17,23.78,15.93,16.635
15/5/17,23.7,15.75,16.45
12/5/17,23.62,15.57,16.4199
11/5/17,23.54,15.45,16.358
10/5/17,23.48,15.35,16.2699
9/5/17,23.46,15.3,16.125
8/5/17,23.6,15.41,16.095
5/5/17,23.64,15.5,16.44
4/5/17,23.62,15.43,16.3
3/5/17,23.84,15.59,16.4
2/5/17,24.2,15.93,17.1
1/5/17,24.18,15.99,17.2703
28/4/17,24.42,16.3,16.9
27/4/17,24.36,16.37,16.81
26/4/17,24.44,16.57,16.9448
25/4/17,24.32,16.68,16.9625
24/4/17,24.58,16.98,16.686
21/4/17,24.74,17.02,16.6402
20/4/17,24.66,17.06,16.6402
19/4/17,24.62,17.18,16.55
18/4/17,24.82,17.34,16.57
17/4/17,24.7,17.43,16.94
14/4/17,24.8,17.53,16.75
13/4/17,24.8,17.53,16.75
12/4/17,24.68,17.46,16.635
11/4/17,24.48,17.31,17.06
10/4/17,24.16,17,17.04
7/4/17,24.16,17.03,17.26
6/4/17,24.1,17.26,17.3635
5/4/17,24.2,17.32,17.5099
4/4/17,24.18,17.33,17.11
3/4/17,24.14,17.24,17.002
31/3/17,24.02,17.25,17.31
30/3/17,23.94,17.15,17.43
29/3/17,24.14,17.25,17.395
28/3/17,24.08,17.18,17.42
27/3/17,24.16,17.15,17.126
24/3/17,24.02,16.81,17.2
23/3/17,23.98,16.67,17.28
22/3/17,24.04,16.62,17.236
21/3/17,23.96,16.61,17.0597
20/3/17,23.7626,16.5069,17.31
17/3/17,23.64,16.47,17.586
16/3/17,23.62,16.4,17.39
15/3/17,23.48,16.43,17.42
14/3/17,23.08,15.99,17.2058
13/3/17,23.18,16.07,17.15
10/3/17,23.18,16.15,16.9501
9/3/17,23.14,16.06,16.91
8/3/17,23.26,16.32,16.94
7/3/17,23.42,16.55,17.07
6/3/17,23.6,16.83,17.3481
3/3/17,23.76,16.98,17.6724
2/3/17,23.78,16.8,17.5311
1/3/17,24.08,17.44,17.7531
28/2/17,24.08,17.37,17.59
27/2/17,24.08,17.27,17.536
24/2/17,24.18,17.4,17.51
23/2/17,24.06,17.24,17.31
22/2/17,23.82,17.11,17.89
21/2/17,23.8,17.03,17.966
20/2/17,23.78,17.06,17.71
17/2/17,23.78,17.06,17.71
16/2/17,23.86,17.15,17.8299
15/2/17,23.74,17.04,18.09
14/2/17,23.64,17.01,17.8674
13/2/17,23.62,16.89,18.2608
10/2/17,23.78,17.02,18.1
9/2/17,23.72,16.75,17.26
8/2/17,23.88,16.84,17.51
7/2/17,23.74,16.79,17.2087
6/2/17,23.8,16.82,17.1901
3/2/17,23.48,16.57,17.14
2/2/17,23.4,16.56,17.46
1/2/17,23.28,16.61,17.6803
31/1/17,23.34,16.63,17.78
30/1/17,23.04,16.23,17.42
27/1/17,22.92,16.22,17.62
26/1/17,22.88,15.93,17.47
25/1/17,23.12,16.1,17.734
24/1/17,23.3,16.22,17.73
23/1/17,23.4,16.29,17.33
20/1/17,23.24,16.19,17.14
19/1/17,23.18,16.12,17.0001
18/1/17,23.2,16.19,17.12
17/1/17,23.42,16.28,17.13
16/1/17,23.1,15.94,17.59
13/1/17,23.1,15.94,17.59
12/1/17,23.02,15.91,17.33
11/1/17,22.92,15.87,16.89
10/1/17,22.88,15.91,17.0362
9/1/17,22.76,15.7,16.59
6/1/17,22.6,15.64,16.47
5/1/17,22.76,15.76,16.484
4/1/17,22.42,15.58,16.6387
3/1/17,22.32,15.44,16.24
2/1/17,22.16,15.11,16.35
30/12/16,22.16,15.11,16.35
29/12/16,22.28,15.32,16.2592
28/12/16,21.98,15.2,16.29
27/12/16,21.94,15.13,16.3604
26/12/16,21.8,14.91,16.27
23/12/16,21.8,14.91,16.27
22/12/16,21.72,14.98,16.39
21/12/16,21.8,15.12,16.3
20/12/16,21.78,15.24,16.3
19/12/16,21.94,15.17,16.21
16/12/16,21.82,15.27,16.5901
15/12/16,21.72,15.18,16.84
14/12/16,22,15.93,16.99
13/12/16,22.32,16.04,17.0066
12/12/16,22.38,16.19,17.05
9/12/16,22.32,15.97,17.3023
8/12/16,22.54,16.14,17.082
7/12/16,22.58,16.23,17.2982
6/12/16,22.52,15.85,17.53
5/12/16,22.52,15.88,17.52
2/12/16,22.64,15.83,17.1672
1/12/16,22.54,15.66,17.3
30/11/16,22.58,15.66,16.89
29/11/16,22.88,15.78,17.1099
28/11/16,23,15.77,17.4105
25/11/16,22.74,15.63,17.61
24/11/16,22.86,15.52,17.2
23/11/16,22.86,15.52,17.2
22/11/16,23.34,15.8,16.7591
21/11/16,23.36,15.72,16.5757
18/11/16,23.26,15.73,16.33
17/11/16,23.48,15.84,16.3727
16/11/16,23.58,16.09,16.1565
15/11/16,23.66,16.19,16.39
14/11/16,23.46,16,16.4534
11/11/16,23.66,16.47,16.55
10/11/16,24.2,17.56,16.7
9/11/16,24.56,17.45,16.101
8/11/16,24.58,17.4,15.6266
7/11/16,24.68,17.29,15.1569
4/11/16,25.12,17.46,14.8546
3/11/16,25.1,17.42,14.67
2/11/16,24.96,17.56,14.544
1/11/16,24.78,17.41,14.5901
31/10/16,24.64,16.97,14.45
28/10/16,24.58,16.87,14.38
27/10/16,24.46,16.73,14.195
26/10/16,24.42,16.71,14.0788
25/10/16,24.54,16.86,14.068
24/10/16,24.36,16.7,13.7
21/10/16,24.42,16.65,13.785
20/10/16,24.38,16.64,13.785
19/10/16,24.48,16.79,13.78
18/10/16,24.32,16.72,13.8364
17/10/16,24.18,16.57,13.8364
14/10/16,24.12,16.56,13.8567
13/10/16,24.26,16.61,13.99
12/10/16,24.2,16.65,14.38
11/10/16,24.18,16.56,14.38
10/10/16,24.28,16.73,14.38
7/10/16,24.2,16.6,14.28
6/10/16,24.18,16.44,14.18
5/10/16,24.44,16.85,14.2272
4/10/16,24.48,16.94,14.2241
3/10/16,25.32,17.87,14.39
30/9/16,25.38,18.2,14.5
29/9/16,25.46,18.11,14.352
28/9/16,25.52,18.21,14.3018
27/9/16,25.6,18.17,14.373
26/9/16,25.76,18.41,14.373
23/9/16,25.8,18.68,14.49
22/9/16,25.78,18.9,14.385
21/9/16,25.7,18.85,14.1493
20/9/16,25.34,18.27,14.1737
19/9/16,25.3,18.2,14.1737
16/9/16,25.28,17.86,14.2
15/9/16,25.34,18.04,14.142
14/9/16,25.48,18.02,13.7807
13/9/16,25.4,17.93,13.7807
12/9/16,25.56,18.17,13.81
9/9/16,25.62,18.11,13.63
8/9/16,25.76,18.62,13.7874
7/9/16,25.92,18.78,13.85
6/9/16,26.02,19.05,13.91
5/9/16,25.56,18.44,13.7
2/9/16,25.56,18.44,13.7
1/9/16,25.3,17.94,13.7
31/8/16,25.2,17.72,13.7
30/8/16,25.28,17.67,13.631
29/8/16,25.52,17.9,13.6411
26/8/16,25.46,17.72,13.652
25/8/16,25.5,17.63,13.759
24/8/16,25.54,17.62,13.759
23/8/16,25.8,17.93,13.8801
22/8/16,25.82,17.97,14.089
19/8/16,25.86,18.35,14.3999
18/8/16,26.08,18.77,14.3168
17/8/16,25.96,18.68,14.3168
16/8/16,25.96,18.82,14.3168
15/8/16,25.82,18.83,14.1862
12/8/16,25.72,18.72,14.04
11/8/16,25.8,18.96,14.41
10/8/16,25.98,19.16,14.4005
9/8/16,25.86,18.87,14.2092
8/8/16,25.76,18.74,14.22
5/8/16,25.78,18.71,14.22
4/8/16,26.24,19.35,14.55
3/8/16,26.2,19.38,14.55
2/8/16,26.32,19.6,14.49
1/8/16,26.1,19.43,14.5799
29/7/16,26.04,19.35,14.6149
28/7/16,25.78,19.21,14.585
27/7/16,25.88,19.37,14.4987
26/7/16,25.46,18.66,14.7
25/7/16,25.36,18.54,14.71
22/7/16,25.52,18.67,14.6201
21/7/16,25.72,18.88,14.873
20/7/16,25.34,18.42,14.8627
19/7/16,25.7,18.92,14.9199
18/7/16,25.68,19.1,14.8099
15/7/16,25.64,19.08,15.0299
14/7/16,25.72,19.25,14.71
13/7/16,25.92,19.39,14.8
12/7/16,25.7,19.09,14.624
11/7/16,26.14,19.3,14.197
8/7/16,26.36,19.22,13.94
7/7/16,26.22,18.71,13.94
6/7/16,26.32,19.1,14.1911
5/7/16,26.16,18.98,14.37
4/7/16,25.94,18.74,14.7399
1/7/16,25.94,18.74,14.7399
30/6/16,25.52,17.865,14.5
29/6/16,25.4,17.37,14.41
28/6/16,25.32,16.91,14.4
27/6/16,25.6,16.87,13.99
24/6/16,25.44,16.89,13.91
23/6/16,24.24,16.49,14.2495
22/6/16,24.4,16.42,14.12
21/6/16,24.42,16.38,13.9801
20/6/16,24.9,16.65,13.82
17/6/16,25.04,16.6,13.65
16/6/16,24.72,16.31,13.87
15/6/16,24.98,16.69,13.87
14/6/16,24.8,16.54,13.48
13/6/16,24.78,16.58,13.48
10/6/16,24.6,16.49,13.48
9/6/16,24.5,16.47,13.4801
8/6/16,24.36,16.21,13.64
7/6/16,23.98,15.6,13.64
6/6/16,24,15.68,14.035
3/6/16,23.96,15.61,13.99
2/6/16,23.32,15.22,13.76
1/6/16,23.38,15.17,13.7516
31/5/16,23.44,15.19,13.915
30/5/16,23.36,15.39,13.958
27/5/16,23.36,15.39,13.958
26/5/16,23.52,15.53,13.99
25/5/16,23.62,15.5,13.9395
24/5/16,23.68,15.42,13.7096
23/5/16,24.1,15.59,13.56
20/5/16,24.12,15.69,13.6139
19/5/16,24.18,15.67,13.7021
18/5/16,24.22,16,13.7678
17/5/16,24.68,16.41,13.753
16/5/16,24.6,16.32,13.87
13/5/16,24.56,16.28,13.9
12/5/16,24.46,16.22,13.81
11/5/16,24.66,16.56,13.87
10/5/16,24.44,16.28,13.87
9/5/16,24.34,16.12,14.221
6/5/16,24.88,16.63,14.221
5/5/16,24.68,16.51,14.25
4/5/16,24.72,16.49,14.51
3/5/16,24.84,16.57,14.728
2/5/16,24.9,16.64,15.0399
29/4/16,24.96,16.98,15.0601
28/4/16,24.46,16.77,14.79
27/4/16,24.04,16.38,14.7532
26/4/16,23.98,16.29,14.8915
25/4/16,23.86,16.17,14.8915
22/4/16,23.82,16.13,15.0101
21/4/16,24.1,16.21,14.9899
20/4/16,24,16.14,14.81
19/4/16,24.12,16.12,14.8335
18/4/16,23.74,15.42,14.49
15/4/16,23.82,15.46,14.39
14/4/16,23.66,15.34,14.53
13/4/16,24,15.44,14.49
12/4/16,24.26,15.41,14.3099
11/4/16,24.24,15.14,13.9108
8/4/16,23.92,14.62,13.87
7/4/16,23.96,14.48,13.794
6/4/16,23.62,14.34,14.21
5/4/16,23.76,14.42,14.2833
4/4/16,23.44,14.2,14.37
1/4/16,23.62,14.34,14.405
31/3/16,23.76,14.68,14.527
30/3/16,23.66,14.49,14.527
29/3/16,23.96,14.6,14.7
28/3/16,23.56,14.46,14.885
25/3/16,23.5,14.43,14.8
24/3/16,23.5,14.43,14.8
23/3/16,23.52,14.51,14.848
22/3/16,24.1,15.12,15.2499
21/3/16,24.02,15.06,15.29
18/3/16,24.2,15.03,15.33
17/3/16,24.26,15.16,15.3
16/3/16,24.32,14.87,15.09
15/3/16,23.82,14.54,14.9199
14/3/16,23.78,14.58,14.94
11/3/16,24.12,14.72,14.908
10/3/16,24.54,14.82,14.7335
9/3/16,24.16,14.53,14.9093
8/3/16,24.34,14.62,14.7799
7/3/16,24.46,14.9,15.1458
4/3/16,24.34,14.76,14.9912
3/3/16,24.34,14.5,14.6789
2/3/16,23.94,14.25,14.4594
1/3/16,23.76,14.17,14.29
29/2/16,23.98,14.2,14.09
26/2/16,23.62,14.02,14.1
25/2/16,23.84,14.41,13.84
24/2/16,23.72,14.52,14.12
23/2/16,23.68,14.54,14.06
22/2/16,23.3,14.43,14.14
19/2/16,23.72,14.64,13.79
18/2/16,23.9,14.76,13.8199
17/2/16,23.28,14.54,13.83
16/2/16,23.14,14.51,13.4883
15/2/16,23.88,14.99,13.4883
12/2/16,23.88,14.99,13.4883
11/2/16,24.06,14.95,13.38
10/2/16,23.08,14.55,13.22
9/2/16,22.92,14.51,13.5099
8/2/16,23,14.59,13.89
5/2/16,22.66,14.34,13.8457
4/2/16,22.34,14.17,14.0926
3/2/16,22.06,13.95,13.56
2/2/16,21.82,13.62,13.56
1/2/16,21.82,13.67,13.72
29/1/16,21.56,13.59,13.62
28/1/16,21.5,13.57,13.62
27/1/16,21.72,13.81,13.62
26/1/16,21.66,13.82,13.4701
25/1/16,21.42,13.58,13.28
22/1/16,21.18,13.38,13.35
21/1/16,21.3,13.46,13.21
20/1/16,21.28,13.48,13.24
19/1/16,21,13.36,14.39
18/1/16,21.02,13.24,12.9699
15/1/16,21.02,13.24,12.9699
14/1/16,20.78,13.19,13.134
13/1/16,21.14,13.49,12.9932
12/1/16,21.04,13.17,13.0568
11/1/16,21.14,13.22,13.17
8/1/16,21.32,13.3,13.4399
7/1/16,21.44,13.62,13.45
6/1/16,21.14,13.36,13.91
5/1/16,20.8,13.311,13.86
4/1/16,20.76,13.19,13.86
1/1/16,20.46,13.19,14.27
31/12/15,20.46,13.19,14.27
30/12/15,20.46,13.21,14.2399
29/12/15,20.6,13.27,14.2399
28/12/15,20.64,13.29,13.93
25/12/15,20.78,13.69,14.1499
24/12/15,20.78,13.69,14.1499
23/12/15,20.64,13.62,14.1
22/12/15,20.7,13.59,13.9601
21/12/15,20.8,13.59,14.27
18/12/15,20.58,13.425,14.02
17/12/15,20.3,13.08,13.629
16/12/15,20.74,13.49,13.86
15/12/15,20.48,13.11,13.711
14/12/15,20.54,13.06,14.02
11/12/15,20.78,13.3,14.058
10/12/15,20.7,13.45,13.7944
9/12/15,20.7,13.49,13.782
8/12/15,20.74,13.51,13.7699
7/12/15,20.7,13.62,13.5896
4/12/15,21,13.87,13.82
3/12/15,20.52,13.46,13.655
2/12/15,20.3,13.37,13.6267
1/12/15,20.62,13.51,13.78
30/11/15,20.56,13.44,13.6888
27/11/15,20.44,13.46,13.65
26/11/15,20.66,13.52,13.65
25/11/15,20.66,13.52,13.65
24/11/15,20.78,13.51,13.85
23/11/15,20.62,13.45,13.4399
20/11/15,20.8,13.5,13.705
19/11/15,20.9,13.62,13.92
18/11/15,20.64,13.52,13.82
17/11/15,20.66,13.55,14.15
16/11/15,20.92,13.6,14.15
13/11/15,20.9,13.59,14.5
12/11/15,20.94,13.64,14.5
11/11/15,20.96,13.64,14.7957
10/11/15,21,13.76,14.7957
9/11/15,21.06,13.89,14.98
6/11/15,21,14.08,15.65
5/11/15,21.3,14.3,15.65
4/11/15,21.36,14.38,15.65
3/11/15,21.56,14.58,15.55
2/11/15,21.9,14.72,15.41
30/10/15,22.04,14.8,15.4101
29/10/15,22.12,14.88,15.67
28/10/15,22.36,15.26,15.8496
27/10/15,22.54,15.13,15.8496
26/10/15,22.48,15.11,15.8496
23/10/15,22.5,15.12,15.8496
22/10/15,22.54,15.11,15.8496
21/10/15,22.54,14.99,15.8496
20/10/15,22.76,15.19,15.8496
19/10/15,22.58,15.11,15.8496
16/10/15,22.7,15.28,16.13
15/10/15,22.86,15.39,16
14/10/15,22.96,15.42,16
13/10/15,22.56,15.16,16
12/10/15,22.46,15.13,16.0847
9/10/15,22.36,15.12,15.7399
8/10/15,22.02,14.99,15.7399
7/10/15,22.12,15.29,15.75
6/10/15,22.16,15.07,15.7608
5/10/15,21.92,14.89,15.79
2/10/15,22,14.55,15.6438
1/10/15,21.52,13.9,15.3676
30/9/15,21.56,13.87,15.6
29/9/15,21.8,13.97,15.14
28/9/15,21.88,13.94,14.9945
25/9/15,22.16,14.4,15.29
24/9/15,22.26,14.43,15.404
23/9/15,21.82,14.12,15.4746
22/9/15,21.76,14.14,15.4746
21/9/15,21.88,14.49,16.0699
18/9/15,22.02,14.47,15.92
17/9/15,21.88,14.42,16.6
16/9/15,21.62,14.22,16.0716
15/9/15,21.34,13.77,16.0716
14/9/15,21.44,13.79,16.3
11/9/15,21.42,13.95,16.36
10/9/15,21.44,13.99,16.36
9/9/15,21.4,13.93,16.27
8/9/15,21.68,14.12,16.28
7/9/15,21.66,13.92,15.5899
4/9/15,21.66,13.92,15.5899
3/9/15,21.76,14.02,15.929
2/9/15,21.9,14.02,15.61
1/9/15,22.04,13.94,15.44
31/8/15,21.96,13.99,15.7399
28/8/15,21.9,13.92,15.79
27/8/15,21.7,13.8,15.65
26/8/15,21.74,13.56,15.04
25/8/15,22.04,13.99,15.436
24/8/15,22.28,14.13,14.9901
21/8/15,22.4,14.61,15.42
20/8/15,22.28,14.78,15.58
19/8/15,21.88,14.57,15.319
18/8/15,21.6,14.22,15.3
17/8/15,21.58,14.63,15.5552
14/8/15,21.56,14.55,15.73
13/8/15,21.54,14.71,15.85
12/8/15,21.72,14.82,15.8524
11/8/15,21.44,14.64,15.78
10/8/15,21.32,14.54,15.73
7/8/15,21.12,14.11,15.73
6/8/15,21.04,13.99,15.8565
5/8/15,20.96,13.95,15.772
4/8/15,21.04,13.92,15.847
3/8/15,20.98,13.87,15.847
31/7/15,21.16,14.08,16.1519
30/7/15,21.02,14.09,16.1519
29/7/15,21.2,14.15,16.1519
28/7/15,21.16,14.02,16.238
27/7/15,21.16,13.92,15.9
24/7/15,21.24,14.02,16.1
23/7/15,21.04,14,16.1
22/7/15,21.12,14.14,16.4
21/7/15,21.24,14.14,16.6601
20/7/15,21.3,14.05,16.6216
17/7/15,21.9,14.23,16.85
16/7/15,22.12,14.35,17
15/7/15,22.2,14.43,17.16
14/7/15,22.34,14.69,17.16
13/7/15,22.4,14.81,17.2028
10/7/15,22.48,14.88,17.09
9/7/15,22.46,14.76,17.2
8/7/15,22.42,14.46,16.89
7/7/15,22.36,14.43,16.58
6/7/15,22.6,14.99,17.11
3/7/15,22.54,14.95,17.85
2/7/15,22.54,14.95,17.85
1/7/15,22.6,14.9,17.81
30/6/15,22.68,15.03,17.687
29/6/15,22.78,15.03,19.304
26/6/15,22.7,15.11,19.304
25/6/15,22.66,15.17,17.611
24/6/15,22.7,15.19,17.611
23/6/15,22.78,15.14,17.6
22/6/15,22.9,15.49,17.04
19/6/15,23.2,15.42,16.9561
18/6/15,23.24,15.46,17.83
17/6/15,22.94,15.45,17.83
16/6/15,22.84,15.32,17.83
15/6/15,22.92,15.4,17.83
12/6/15,22.82,15.25,18.45
11/6/15,22.86,15.33,18.45
10/6/15,22.94,15.32,18.45
9/6/15,22.74,15.29,18.45
8/6/15,22.7,15.32,18.1301
5/6/15,22.64,15.39,18.1301
4/6/15,22.76,15.48,18.1301
3/6/15,22.92,15.83,18.4799
2/6/15,23.08,16.07,18.5
1/6/15,23,16,18.5
29/5/15,23.02,15.99,18.5
28/5/15,22.98,15.97,18.9
27/5/15,22.96,15.96,18.9
26/5/15,22.96,16.02,18.875
25/5/15,23.3,16.34,18.875
22/5/15,23.3,16.34,18.875
21/5/15,23.32,16.39,19.312
20/5/15,23.4,16.37,19.03
19/5/15,23.36,16.38,19.1
18/5/15,23.68,16.89,19.656
15/5/15,23.68,16.75,19.71
14/5/15,23.62,16.65,19.71
13/5/15,23.48,16.35,19.7184
12/5/15,23.08,15.81,19.7101
11/5/15,22.88,15.57,19.64
8/5/15,23,15.76,19.64
7/5/15,22.88,15.6,19.64
6/5/15,23.06,15.77,19.6642
5/5/15,23.06,15.81,19.79
4/5/15,22.98,15.7,19.636
1/5/15,22.78,15.47,19.8499
30/4/15,22.88,15.43,19.37
29/4/15,23.28,15.81,18.85
28/4/15,23.46,15.87,18.749
27/4/15,23.26,15.66,18.749
24/4/15,22.8,15.06,18.36
23/4/15,23.12,15.21,18.36
22/4/15,22.96,15.11,18.0544
21/4/15,23.26,15.32,18.21
20/4/15,23.12,15.29,18.456
17/4/15,23.28,15.56,18.6564
16/4/15,23.2,15.57,18.6564
15/4/15,23.26,15.63,18.27
14/4/15,23.06,15.51,17.98
13/4/15,23.22,15.6,18.44
10/4/15,23.36,15.77,18.5499
9/4/15,23.12,15.51,18.44
8/4/15,23.28,15.81,18.44
7/4/15,23.4,16.15,18.6608
6/4/15,23.52,16.27,18.43
3/4/15,23.24,16.02,18.43
2/4/15,23.24,16.02,18.43
1/4/15,23.3,16.23,18.4281
31/3/15,22.9,15.93,18.59
30/3/15,22.92,15.98,18.8
27/3/15,23.2,16.22,19.062
26/3/15,23.3,16.3,19.062
25/3/15,23.12,16.24,18.86
24/3/15,23.1,16.28,18.86
23/3/15,23.02,16.3,19.47
20/3/15,22.88,16,18.29
19/3/15,22.62,15.44,17.52
18/3/15,22.64,15.36,17.52
17/3/15,22.2,14.9,17.91
16/3/15,22.34,14.9899,18.09
13/3/15,22.34,14.9,18.09
12/3/15,22.3,14.92,17.69
11/3/15,22.32,14.84,17.69
10/3/15,22.44,15.02,17.62
9/3/15,22.56,15.1,18.051
6/3/15,22.56,15.19,17.6564
5/3/15,23.2,15.53,18.02
4/3/15,23.2,15.49,17.98
3/3/15,23.28,15.5799,17.98
2/3/15,23.3,15.66,17.9801
27/2/15,23.42,15.87,17.9801
26/2/15,23.38,15.84,18.5599
25/2/15,23.32,15.83,17.9772
24/2/15,23.24,15.56,17.448
23/2/15,23.26,15.63,17.448
20/2/15,23.22,15.54,17.54
19/2/15,23.38,15.7,17.6597
18/2/15,23.46,15.75,17.624
17/2/15,23.4,15.83,17.296
16/2/15,23.78,16.54,17.695
13/2/15,23.78,16.54,17.695
12/2/15,23.66,16.15,17.695
11/2/15,23.6,16.08,17.36
10/2/15,23.88,16.19,17.2899
9/2/15,24,16.32,17.52
6/2/15,23.92,16.03,17.4201
5/2/15,24.56,16.58,17.5701
4/2/15,24.5,16.63,17.344
3/2/15,24.4,16.55,17.344
2/2/15,24.68,16.47,16.68
30/1/15,24.86,16.54,16.68
29/1/15,24.32,16.24,16.68
28/1/15,24.88,17.23,16.75
27/1/15,25.06,17.33,16.73
26/1/15,24.78,17.13,17.0633
23/1/15,25.04,17.51,16.91
22/1/15,25.24,17.61,17.395
21/1/15,25.04,17.37,17.5242
20/1/15,25.04,17.18,17.571
19/1/15,24.7,16.95,17.829
16/1/15,24.7,16.95,17.829
15/1/15,24.36,16.15,17.49
14/1/15,23.76,16.13,16.9199
13/1/15,23.82,16.29,18.61
12/1/15,23.88,15.87,18.61
9/1/15,23.64,15.77,18.61
8/1/15,23.38,15.64,18.68
7/1/15,23.46,15.85,18.7399
6/1/15,23.58,15.83,18.7399
5/1/15,23.36,15.5,19.02
2/1/15,23,15.11,19.02
1/1/15,22.88,15.06,19.0156
31/12/14,22.88,15.06,19.0156
30/12/14,23.2,15.58,19.26
29/12/14,22.92,15.11,19.09
26/12/14,23.14,15.35,18.91
25/12/14,22.72,15.09,19.4899
24/12/14,22.72,15.09,19.4899
23/12/14,22.72,15.04,19.4899
22/12/14,22.7,14.99,19.4899
19/12/14,23.14,15.39,19.4899
18/12/14,23.18,15.2499,19.2
17/12/14,23.02,15.1,19.2601
16/12/14,23.18,15.08,19.2601
15/12/14,23.04,15.47,19.79
12/12/14,23.66,16.3,19.79
11/12/14,23.72,16.33,19.77
10/12/14,23.76,16.37,19.49
9/12/14,23.8,16.32,19.67
8/12/14,23.32,15.71,19.5
5/12/14,23.08,15.61,19.561
4/12/14,23.34,15.77,19.519
3/12/14,23.43,15.73,19.519
2/12/14,23.22,15.75,19.519
1/12/14,23.5,15.78,19.42
28/11/14,22.58,14.83,19.31
27/11/14,23.2,15.87,19.89
26/11/14,23.2,15.87,19.89
25/11/14,23.24,15.98,20.18
24/11/14,23.18,15.78,20.226
21/11/14,23.24,15.79,20.37
20/11/14,23.12,15.6,20.271
19/11/14,22.9,15.48,20.38
18/11/14,23.18,15.55,20.4538
17/11/14,22.96,15.5,20.4538
14/11/14,23.06,15.63,20.4538
13/11/14,22.48,14.97,20.073
12/11/14,22.44,15.03,20.504
11/11/14,22.58,15.11,20.504
10/11/14,22.26,14.92,20.29
7/11/14,22.74,15.1,20.46
6/11/14,22.14,14.82,20.34
5/11/14,22.12,14.66,20.2
4/11/14,22.6,15.36,20.2
3/11/14,22.58,15.48,20.61
31/10/14,22.7,15.5,20.51
30/10/14,23.2,15.82,20.58
29/10/14,23.46,16.38,20.85
28/10/14,23.8,16.49,20.84
27/10/14,23.8,16.42,20.5
24/10/14,23.84,16.5,20.5304
23/10/14,23.88,16.5,20.48
22/10/14,24.06,16.46,20.26
21/10/14,24.16,16.81,20.4899
20/10/14,24.14,16.73,20.14
17/10/14,23.98,16.58,20.06
16/10/14,24,16.67,20.06
15/10/14,23.96,16.71,20.2
14/10/14,23.88,16.68,20.64
13/10/14,23.86,16.73,20.56
10/10/14,23.7,16.64,20.35
9/10/14,23.68,16.62,20.39
8/10/14,23.66,16.68,20.42
7/10/14,23.44,16.48,20.425
6/10/14,23.38,16.6,20.44
3/10/14,23.06,16.12,20.27
2/10/14,23.5,16.41,20.3
1/10/14,23.54,16.48,20.3
30/9/14,23.4,16.35,20.3
29/9/14,23.56,16.78,20.5209
26/9/14,23.58,16.9,20.4799
25/9/14,23.66,16.83,20.4799
24/9/14,23.58,16.99,20.677
23/9/14,23.66,17.07,20.49
22/9/14,23.52,17.08,20.49
19/9/14,23.58,17.19,20.77
18/9/14,23.72,17.77,20.9
17/9/14,23.66,17.77,21.322
16/9/14,23.92,17.95,21.322
15/9/14,23.88,17.92,20.8301
12/9/14,23.82,17.89,20.8301
11/9/14,24.08,17.959,20.93
10/9/14,24.2,18.24,21.34
9/9/14,24.34,18.31,21.34
8/9/14,24.3,18.26,21.34
5/9/14,24.58,18.42,21.34
4/9/14,24.46,18.32,21.32
3/9/14,24.58,18.43,21.12
2/9/14,24.52,18.41,21.37
1/9/14,24.92,18.71,21.6276
29/8/14,24.92,18.71,21.6276
28/8/14,24.98,18.74,21.6276
27/8/14,24.82,18.66,21.6276
26/8/14,24.82,18.63,21.705
25/8/14,24.7,18.6,21.53
22/8/14,24.8,18.69,21.53
21/8/14,24.74,18.69,21.53
20/8/14,25,18.72,21.38
19/8/14,25.1,18.7,21
18/8/14,25.18,18.87,21.09
15/8/14,25.26,18.86,21.132
14/8/14,25.44,19.1,20.92
13/8/14,25.42,19.04,21.0801
12/8/14,25.36,19.17,21.35
11/8/14,25.36,19.23,21.49
8/8/14,25.42,19.19,21.5412
7/8/14,25.42,19.17,21.51
6/8/14,25.34,19.23,21.4159
5/8/14,24.94,19.05,21.7233
4/8/14,24.96,19.4,22
1/8/14,25.04,19.52,21.809
31/7/14,24.84,19.58,21.96
30/7/14,25.14,19.78,22.03
29/7/14,25.2,19.78,21.93
28/7/14,25.3,19.81,21.99
25/7/14,25.34,19.87,22.05
24/7/14,25.06,19.58,22.21
23/7/14,25.28,20.08,21.8399
22/7/14,25.32,20.1,21.722
21/7/14,25.44,20.1,21.79
18/7/14,25.42,20.02,21.6586
17/7/14,25.6,20.29,21.89
16/7/14,25.14,19.91,21.769
15/7/14,25.08,19.88,21.9537
14/7/14,25.32,20.1,21.9391
11/7/14,25.94,20.57,22.08
10/7/14,25.9,20.52,22.0792
9/7/14,25.74,20.27,21.9657
8/7/14,25.58,20.21,22.076
7/7/14,25.56,20.17,22.06
4/7/14,25.56,20.29,22.21
3/7/14,25.56,20.29,22.21
2/7/14,25.7,20.3,22.1
1/7/14,25.72,20.21,21.6
30/6/14,25.76,20.25,21.43
27/6/14,25.5,20.17,21.33
26/6/14,25.5,20.24,21.3896
25/6/14,25.58,20.19,21.3896
24/6/14,25.58,20.08,21.19
23/6/14,25.56,20.05,21.218
20/6/14,25.46,20.03,21
19/6/14,25.56,19.92,20.72
18/6/14,24.7,19.05,20.65
17/6/14,24.62,18.94,20.65
16/6/14,24.66,18.85,20.65
13/6/14,24.76,18.92,20.3701
12/6/14,24.7,18.76,20.44
11/6/14,24.42,18.46,20.693
10/6/14,24.42,18.46,20.693
9/6/14,24.28,18.32,20.48
6/6/14,24.28,18.28,20.62
5/6/14,24.28,18.26,20.7901
4/6/14,24.1,18.06,20.7901
3/6/14,24.14,18.1,21.09
2/6/14,24.08,18.02,21.09
30/5/14,24.26,18.079,21.09
29/5/14,24.34,18.3,21.48
28/5/14,24.38,18.28,21.48
27/5/14,24.52,18.36,21.3104
26/5/14,25.06,18.66,21.328
23/5/14,25.06,18.66,21.328
22/5/14,25.08,18.73,21.128
21/5/14,25.02,18.64,21.01
20/5/14,25.08,18.65,21.18
19/5/14,25.06,18.63,21.18
16/5/14,25.08,18.61,21.18
15/5/14,25.12,18.74,21.17
14/5/14,25.32,19,21.339
13/5/14,25.08,18.77,21.06
12/5/14,25.14,18.78,21.16
9/5/14,25,18.42,20.74
8/5/14,25,18.44,20.66
7/5/14,24.98,18.57,20.52
6/5/14,25.34,18.8,20.65
5/5/14,25.42,18.84,20.68
2/5/14,25.16,18.69,20.74
1/5/14,24.92,18.35,20.45
30/4/14,25,18.46,20.45
29/4/14,25.12,18.76,20.789
28/4/14,25.14,18.85,20.99
25/4/14,25.24,18.94,20.9001
24/4/14,25.08,18.92,20.9499
23/4/14,24.92,18.69,20.63
22/4/14,24.9,18.71,20.56
21/4/14,25.02,18.67,20.53
18/4/14,25.12,18.88,20.47
17/4/14,25.12,18.88,20.47
16/4/14,25.26,18.88,20.47
15/4/14,25.28,18.88,20.2399
14/4/14,25.74,19.21,20.4877
11/4/14,25.54,19.19,20.4104
10/4/14,25.56,19.27,20.39
9/4/14,25.44,19.11,20.57
8/4/14,25.36,19.23,20.57
7/4/14,25.14,19.13,20.31
4/4/14,25.26,19.16,20.31
3/4/14,24.94,19.06,20.45
2/4/14,25,19.188,20.59
1/4/14,24.82,19.06,20.59
31/3/14,24.88,19.04,20.539
28/3/14,25.06,19.06,20.5775
27/3/14,25.08,19,20.2899
26/3/14,25.22,19.02,20.01
25/3/14,25.42,19.22,20.29
24/3/14,25.4,19.21,19.96
21/3/14,25.86,19.52,19.9701
20/3/14,25.74,19.52,19.9
19/3/14,25.76,19.79,20.2035
18/3/14,26.28,20.01,19.93
17/3/14,26.5,20.33,20.0224
14/3/14,26.8,20.62,19.94
13/3/14,26.62,20.36,19.8175
12/3/14,26.54,20.47,20.05
11/3/14,26.12,20.04,19.97
10/3/14,26,20.01,20.64
7/3/14,25.98,20.08,20.8601
6/3/14,26.18,20.66,21.8
5/3/14,25.92,20.36,21.69
4/3/14,25.92,20.37,21.74
3/3/14,26.24,20.62,21.4391
28/2/14,25.7,20.35,21.5222
27/2/14,25.8,20.46,21.71
26/2/14,25.76,20.42,21.71
25/2/14,26,21.02,21.71
24/2/14,25.94,21.18,21.71
21/2/14,25.68,20.97,21.9909
20/2/14,25.68,21,21.9666
19/2/14,25.42,20.63,21.9901
18/2/14,25.66,21.13,21.71
17/2/14,25.6,20.65,21.71
14/2/14,25.6,20.65,21.71
13/2/14,25.28,19.74,21.71
12/2/14,25.06,19.43,21.71
11/2/14,25.04,19.45,21.71
10/2/14,24.72,19.29,21.71
7/2/14,24.6,19.27,21.824
6/2/14,24.4,19.17,21.364
5/2/14,24.42,19.07,21.364
4/2/14,24.34,18.75,21.364
3/2/14,24.4,18.61,21.364
31/1/14,24.14,18.45,21.46
30/1/14,24.12,18.49,21.691
29/1/14,24.66,19.02,21.81
28/1/14,24.34,18.85,21.88
27/1/14,24.34,18.89,21.94
24/1/14,24.62,19.16,22
23/1/14,24.5,19.26,22.14
22/1/14,23.98,19.03,22.489
21/1/14,24.08,19.17,22.3401
20/1/14,24.32,19.51,22.5356
17/1/14,24.32,19.51,22.5356
16/1/14,24.1,19.35,22.46
15/1/14,24.06,19.4,22.49
14/1/14,24.1,19.42,22.49
13/1/14,24.34,19.68,22.5705
10/1/14,24.18,19.38,22.46
9/1/14,23.84,18.84,22.229
8/1/14,23.78,18.83,22.58
7/1/14,23.9,19.125,22.5999
6/1/14,24.02,19.42,22.6637
3/1/14,24.02,19.42,22.6637
2/1/14,23.76,19.23,22.78
1/1/14,23.36,18.71,22.8999
31/12/13,23.36,18.71,22.8999
30/12/13,23.2,18.85,22.89
27/12/13,23.56,19.27,22.89
26/12/13,23.46,19.02,22.89
25/12/13,23.34,18.76,22.76
24/12/13,23.34,18.76,22.76
23/12/13,23.24,18.72,22.31
20/12/13,23.3,18.62,22.2401
19/12/13,23.08,18.49,22.4499
18/12/13,23.678,19.09,22.4499
17/12/13,23.86,19.14,22.4499
16/12/13,24.06,19.22,22.42
13/12/13,24.02,18.95,22.238
12/12/13,23.8,18.81,22.238
11/12/13,24.32,19.55,22
10/12/13,24.5,19.66,22
9/12/13,24.06,19.12,21.9544
6/12/13,23.86,18.76,21.876
5/12/13,23.82,18.69,21.74
4/12/13,24.12,19,21.8599
3/12/13,23.74,18.42,21.42
2/12/13,23.64,18.46,21.45
29/11/13,24.26,19.24,21.85
28/11/13,24.04,18.96,21.85
27/11/13,24.04,18.96,21.85
26/11/13,24.1,19.13,21.85
25/11/13,24.24,19.27,21.85
22/11/13,24.12,19.13,21.78
21/11/13,24.12,19.24,21.48
20/11/13,24.14,19.14,21.48
19/11/13,24.72,19.61,21.48
18/11/13,24.72,19.665,21.4
15/11/13,24.98,20,21.54
14/11/13,24.99,20.05,21.46
13/11/13,24.72,19.78,21.46
12/11/13,24.62,20,21.84
11/11/13,24.9,20.6,22
8/11/13,24.98,20.69,22
7/11/13,25.36,20.83,22
6/11/13,25.57,21,22.509
5/11/13,25.45,20.9,22.509
4/11/13,25.5,20.85,22.509
1/11/13,25.53,21.08,22.509
31/10/13,25.69,21.095,22.509
30/10/13,26.07,21.88,22.2
29/10/13,26.11,21.69,22.2
28/10/13,26.26,21.68,22.2
25/10/13,26.24,21.71,22.2
24/10/13,26.14,21.87,22.2
23/10/13,25.89,21.75,22.2
22/10/13,26,21.87,22.47
21/10/13,25.54,21.41,22.47
18/10/13,25.52,21.11,22.47
17/10/13,25.62,21.045,22.38
16/10/13,24.85,20.5,22.245
15/10/13,24.9,20.56,22.245
14/10/13,24.7,20.5,22.245
11/10/13,24.64,20.52,22.245
10/10/13,24.98,20.825,22.461
9/10/13,25.34,21.05,22.461
8/10/13,25.62,21.49,22.461
7/10/13,25.68,21.53,22.461
4/10/13,25.44,20.93,22.42
3/10/13,25.56,20.92,22.24
2/10/13,25.54,20.92,22.53
1/10/13,25.04,20.415,22.4401
30/9/13,25.78,20.9,22.4401
27/9/13,25.92,20.96,22.4401
26/9/13,25.68,20.92,22.4401
25/9/13,25.9,20.98,22.06
24/9/13,25.68,20.89,22.06
23/9/13,25.64,20.78,22.34
20/9/13,25.72,20.999,22.44
19/9/13,26.49,22.2,22.54
18/9/13,26.558,22.31,22.54
17/9/13,25.44,20.96,21.95
16/9/13,25.44,20.94,21.95
13/9/13,25.7,21.42,21.8201
12/9/13,25.7,21.06,22
11/9/13,26.48,22.29,22.21
10/9/13,26.48,22.125,22.22
9/9/13,26.92,22.835,22.29
6/9/13,26.98,22.97,22.15
5/9/13,26.6,22.38,22.08
4/9/13,27.06,22.69,22.08
3/9/13,27.42,23.39,22.59
2/9/13,27.06,22.6,22.0699
30/8/13,27.06,22.6,22.0699
29/8/13,27.34,23,22.2899
28/8/13,27.5,23.43,22.6
27/8/13,27.5,23.59,22.65
26/8/13,27.24,23.46,22.618
23/8/13,27.12,23.15,22.7
22/8/13,26.72,22.27,22.7
21/8/13,26.54,22.14,22.65
20/8/13,26.62,22.19,22.7199
19/8/13,26.56,22.3416,22.58
16/8/13,26.66,22.34,22.89
15/8/13,26.48,22.15,22.6099
14/8/13,25.94,21.09,22.52
13/8/13,25.68,20.71,22.52
12/8/13,25.98,20.62,22.5401
9/8/13,25.5,19.76,22.5499
8/8/13,25.5,19.6,22.2501
7/8/13,24.94,18.83,21.7
6/8/13,24.92,18.83,21.7
5/8/13,25.28,19.009,21.7
2/8/13,25.4,19.12,21.832
1/8/13,25.46,18.97,21.72
31/7/13,25.72,19.14,21.3352
30/7/13,25.78,19.03,20.8556
29/7/13,25.84,19.14,21.2201
26/7/13,25.9,19.32,21.7999
25/7/13,25.88,19.5,21.7999
24/7/13,25.64,19.4681,21.7999
23/7/13,26.1,19.77,21.44
22/7/13,25.92,19.77,21.44
19/7/13,25.14,18.88,21.44
18/7/13,24.92,18.72,21.44
17/7/13,24.78,18.66,21.42
16/7/13,25.1,19.33,21.81
15/7/13,24.94,19.28,21.6576
12/7/13,24.94,19.21,21.53
11/7/13,24.98,19.49,21.681
10/7/13,24.32,18.48,21.03
9/7/13,24.24,18.57,20.928
8/7/13,24.04,18.42,21.658
5/7/13,23.74,18.21,21.658
4/7/13,24.28,19.02,21.658
3/7/13,24.28,19.02,21.658
2/7/13,24.12,18.678,21.6099
1/7/13,24.34,18.93,21.6099
28/6/13,23.98,18.97,21.1
27/6/13,23.3,17.89,20.85
26/6/13,23.78,17.8881,20.85
25/6/13,24.82,18.91,21.0305
24/6/13,24.9,18.97,20.84
21/6/13,25.15,19.389,21.46
20/6/13,24.85,18.965,20.9286
19/6/13,26.26,20.6,21.6801
18/6/13,26.58,20.88,21.6801
17/6/13,26.9,21.1,21.6801
14/6/13,27.02,21.33,21.6801
13/6/13,26.9,21.04,21.88
12/6/13,26.98,21.02,22.2
11/6/13,26.8,20.91,22.0372
10/6/13,26.94,21.16,22.46
7/6/13,26.8,20.86,22.46
6/6/13,27.46,21.93,22.74
5/6/13,27.24,21.78,23.4399
4/6/13,27.16,21.77,23.49
3/6/13,27.42,21.9781,22.82
31/5/13,26.92,21.435,22.69
30/5/13,27.46,21.98,22.9391
29/5/13,27.08,21.71,22.57
28/5/13,26.84,21.53,22.81
27/5/13,26.9,21.61,22.67
24/5/13,26.9,21.61,22.67
23/5/13,27.06,21.88,23.34
22/5/13,26.52,21.51,23.34
21/5/13,26.7,21.62,22.95
20/5/13,27.14,22.28,22.79
17/5/13,26.34,21.4,22.79
16/5/13,26.96,21.95,22.62
15/5/13,27.078,21.76,22.268
14/5/13,27.7,22.57,22.58
13/5/13,27.82,22.83,23.1917
10/5/13,28.08,22.98,23.228
9/5/13,28.3,22.89,23.028
8/5/13,28.62,23.12,23.08
7/5/13,28.2,23.1,22.778
6/5/13,28.56,23.18,22.721
3/5/13,28.56,23.29,22.84
2/5/13,28.5198,23.02,21.17
1/5/13,28.36,22.86,21.17
30/4/13,28.7,23.46,21.9999
29/4/13,28.58,23.54,22.2095
26/4/13,28.3233,23.1,21.97
25/4/13,28.46,23.49,22.43
24/4/13,27.82,22.42,21.892
23/4/13,27.52,22.18,21.3667
22/4/13,27.7,22.62,21.73
19/4/13,27.22,22.4,21.87
18/4/13,26.98,22.4,22.2524
17/4/13,26.68,22.44,22.129
16/4/13,26.7,22.665,22.98
15/4/13,26.38,22.09,22.84
12/4/13,28.94,25.28,23.21
11/4/13,30.36,26.7,23.68
10/4/13,30.28,26.68,23.76
9/4/13,30.8,27.03,23.5099
8/4/13,30.56,26.32,23.5099
5/4/13,30.7,26.39,23.24
4/4/13,30.2,25.99,23.3899
3/4/13,30.3,26.09,23.25
2/4/13,30.64,26.35,24.0045
1/4/13,31.1,27.09,24.0045
29/3/13,31.08,27.43,24.0045
28/3/13,31.08,27.43,24.0045
27/3/13,31.2,27.73,24.0045
26/3/13,31.1,27.75,24.03
25/3/13,31.2,27.84,24
22/3/13,31.24,27.75,24.13
21/3/13,31.38,28.18,23.95
20/3/13,31.24,27.81,23.92
19/3/13,31.36,27.93,23.62
18/3/13,31.2,27.95,24.48
15/3/13,30.95,27.799,24.48
14/3/13,30.9,27.8,24.594
13/3/13,30.88,27.94,24.56
12/3/13,30.96,28.2,24.7332
11/3/13,30.74,28.02,24.4999
8/3/13,30.68,28.005,24.45
7/3/13,30.68,27.91,24.48
6/3/13,30.8,28.1,24.31
5/3/13,30.64,27.75,24.51
4/3/13,30.62,27.6,24.4267
1/3/13,30.64,27.62,24.4267
28/2/13,30.74,27.54,24.826
27/2/13,31.06,28.01,24.826
26/2/13,31.4,28.41,24.84
25/2/13,31,28.07,24.7684
22/2/13,30.72,27.83,24.6535
21/2/13,30.66,27.73,24.74
20/2/13,30.42,27.59,25.388
19/2/13,31.2,28.445,26.02
18/2/13,31.3,28.8333,26.02
15/2/13,31.3,28.8333,26.02
14/2/13,31.8,29.46,26.16
13/2/13,31.96,29.77,26.16
12/2/13,32.12,30.09,26
11/2/13,32.1,30,25.98
8/2/13,32.44,30.43,25.98
7/2/13,32.52,30.46,25.98
6/2/13,32.64,30.81,26.29
5/2/13,32.56,30.76,26.29
4/2/13,32.54,30.69,26.31
1/2/13,32.44,30.78,26.38
31/1/13,32.4,30.44,26.16
30/1/13,32.58,30.92,26.16
29/1/13,32.34,30.32,25.75
28/1/13,32.18,29.85,25.58
25/1/13,32.28,30.21,25.4635
24/1/13,32.44,30.65,25.62
23/1/13,32.78,31.19,25.76
22/1/13,32.9,31.12,25.835
21/1/13,32.78,30.81,25.656
18/1/13,32.78,30.81,25.656
17/1/13,32.82,30.67,25.53
16/1/13,32.68,30.45,25.1999
15/1/13,32.64,30.36,25.5023
14/1/13,32.44,30.04,25.5023
11/1/13,32.34,29.48,25.5023
10/1/13,32.54,29.78,25.5952
9/1/13,32.26,29.35,25.5952
8/1/13,32.24,29.38,25.5952
7/1/13,32.04,29.18,25.5952
4/1/13,32.2233,29.2376,25.7552
3/1/13,32.38,29.179,25.93
2/1/13,32.79,29.92,26.01
1/1/13,32.5584,29.37,25.0127
31/12/12,32.5584,29.37,25.0127
28/12/12,32.26,29.1,25.0127
27/12/12,32.4,29.24,24.62
26/12/12,32.2988,29.01,24.62
25/12/12,32.26,28.94,24.62
24/12/12,32.26,28.94,24.62
21/12/12,32.18,29,24.62
20/12/12,32.1,28.998,24.62
19/12/12,32.46,30.11,25.1101
18/12/12,32.56,30.65,25.38
17/12/12,33.04,31.2,25.54
14/12/12,32.963,31.17,25.63
13/12/12,33,31.53,25.63
12/12/12,33.3,32.37,25.9
11/12/12,33.28,31.91,25.69
10/12/12,33.3,32.1403,25.804
7/12/12,33.18,32.03,25.51
6/12/12,33.04,31.93,25.36
5/12/12,32.98,31.82,25.66
4/12/12,33.04,31.9,25.49
3/12/12,33.38,32.52,25.47
30/11/12,33.36,32.36,25.25
29/11/12,33.58,33.13,25.1
28/11/12,33.46,32.62,24.6999
27/11/12,33.9,32.93,24.6999
26/11/12,34.02,33.02,24.6999
23/11/12,34.06,32.98,24.32
22/11/12,33.66,32.29,24.32
21/11/12,33.66,32.29,24.32
20/11/12,33.64,32.105,24.32
19/11/12,33.7,32.05,24.32
16/11/12,33.3,31.21,24.32
15/11/12,33.34,31.53,24.32
14/11/12,33.58,31.64,24.32
13/11/12,33.58,31.4,24.32
12/11/12,33.64,31.37,24.09
9/11/12,33.68,31.54,24.09
8/11/12,33.7383,31.3801,24.322
7/11/12,33.42,30.83,24.322
6/11/12,33.4,31.01,24.322
5/11/12,32.78,30.17,24.322
2/11/12,32.66,29.95,24.8
1/11/12,33.36,31.22,24.84
31/10/12,33.52,31.27,24.65
30/10/12,33.34,31.08,24.8601
29/10/12,33.34,31.08,24.8601
26/10/12,33.34,31.08,24.8601
25/10/12,33.34,31.12,24.8601
24/10/12,33.1,30.71,24.9317
23/10/12,33.238,30.68,25.004
22/10/12,33.64,31.39,26.2399
19/10/12,33.54,31.0945,26.2399
18/10/12,33.89,31.73,26.2399
17/10/12,34.04,32.12,26.2399
16/10/12,34.04,31.93,26.2399
15/10/12,33.82,31.66,26.2399
12/10/12,34.16,32.45,26.2399
11/10/12,34.42,32.9,26.2399
10/10/12,34.3,32.95,26.01
9/10/12,34.34,32.83,26.13
8/10/12,34.56,32.97,25.8776
5/10/12,34.68,33.45,25.8776
4/10/12,34.88,33.93,25.8776
3/10/12,34.62,33.51,25.8776
2/10/12,34.58,33.5,25.8776
1/10/12,34.58,33.65,25.8776
28/9/12,34.54,33.48,25.8776
27/9/12,34.6,33.58,25.8776
26/9/12,34.08,32.87,25.8776
25/9/12,34.28,32.68,26.25
24/9/12,34.34,32.93,26.1096
21/9/12,34.54,33.48,26.452
20/9/12,34.44,33.58,26.36
19/9/12,34.46,33.57,26.6075
18/9/12,34.5,33.71,26.35
17/9/12,34.22,32.99,26.14
14/9/12,34.5,33.6,26.1108
13/9/12,34.42,33.613,26.1108
12/9/12,33.74,32.21,25.82
11/9/12,33.72,32.41,25.77
10/9/12,33.6,32.29,25.7495
7/9/12,33.82,32.64,25.35
6/9/12,33.12,31.67,24.74
5/9/12,33,31.27,24.36
4/9/12,33.02,31.36,24.36
3/9/12,32.96,30.79,24.2
31/8/12,32.96,30.79,24.2
30/8/12,32.24,29.44,24.2
29/8/12,32.26,29.75,24.438
28/8/12,32.46,29.93,24.438
27/8/12,32.38,29.74,24.438
24/8/12,32.52,29.74,24.438
23/8/12,32.5,29.6,24.438
22/8/12,32.22,28.92,24.22
21/8/12,31.88,28.37,24.15
20/8/12,31.58,27.95,23.6964
17/8/12,31.48,27.23,23.9999
16/8/12,31.42,27.37,23.6399
15/8/12,31.24,26.97,23.6399
14/8/12,31.16,26.96,23.6399
13/8/12,31.32,26.92,23.89
10/8/12,31.56,27.26,23.89
9/8/12,31.52,27.29,24.07
8/8/12,31.4,27.21,24.24
7/8/12,31.38,27.27,24.24
6/8/12,31.36,27.11,23.98
3/8/12,31.22,26.96,23.34
2/8/12,30.94,26.31,23.34
1/8/12,31.16,26.54,24.1971
31/7/12,31.44,27.12,24.1971
30/7/12,31.6,27.36,24.1971
27/7/12,31.64,26.955,24.22
26/7/12,31.46,26.71,24
25/7/12,31.24,26.53,23.66
24/7/12,30.82,26.22,23.66
23/7/12,30.74,26.21,23.6801
20/7/12,30.84,26.48,24.4599
19/7/12,30.78,26.42,24.4599
18/7/12,30.74,26.42,24.4599
17/7/12,30.8,26.47,24.56
16/7/12,30.94,26.49,24.56
13/7/12,30.94,26.44,24.0201
12/7/12,30.6,26.35,24.0201
11/7/12,30.7,26.25,24.0201
10/7/12,30.54,26.06,24.0201
9/7/12,30.94,26.54,24.0201
6/7/12,30.84,26.3,23.938
5/7/12,31.26,26.88,24.39
4/7/12,31.6,27.49,23.5199
3/7/12,31.6,27.49,23.5199
2/7/12,31.12,26.73,23.5199
29/6/12,31.12,26.65,23.5199
28/6/12,30.32,25.63,23.5199
27/6/12,30.68,26.13,23.2611
26/6/12,30.64,26.3,23.2611
25/6/12,30.84,26.71,23.2611
22/6/12,30.64,26.15,23.2611
21/6/12,30.5,26.12,23.21
20/6/12,31.3,27.26,24
19/6/12,31.56,27.64,23.78
18/6/12,31.7,27.87,23.78
15/6/12,31.68,27.81,24
14/6/12,31.66,27.82,23.16
13/6/12,31.54,28.01,23.16
12/6/12,31.4,28.12,23.16
11/6/12,31.16,27.79,23.16
8/6/12,31.08,27.75,23.16
7/6/12,31,27.79,23.97
6/6/12,31.56,28.51,23.6105
5/6/12,31.54,27.72,23.2699
4/6/12,31.56,27.46,23.4
1/6/12,31.62,27.62,23.3811
31/5/12,30.42,26.96,23.706
30/5/12,30.5,27.12,23.82
29/5/12,30.3,27.1,24
28/5/12,30.64,27.62,24
25/5/12,30.64,27.62,24
24/5/12,30.38,27.44,24
23/5/12,30.44,27.05,24
22/5/12,30.52,27.34,24.45
21/5/12,31.06,27.68,24.49
18/5/12,31.0198,27.79,24.49
17/5/12,30.66,27.24,24.49
16/5/12,29.98,26.368,24.38
15/5/12,30.04,26.86,25
14/5/12,30.36,27.42,25
11/5/12,30.812,28.08,25.526
10/5/12,31.04,28.25,25.7701
9/5/12,30.98,28.38,25.71
8/5/12,31.3,28.652,25.8699
7/5/12,31.92,29.21,26.1
4/5/12,32,29.412,26.1
3/5/12,31.92,29.29,26.3398
2/5/12,32.24,29.78,27.016
1/5/12,32.38,30.06,27.016
30/4/12,32.46,30.11,26.9591
27/4/12,32.4,30.37,26.91
26/4/12,32.3,30.18,26.7099
25/4/12,32.02,29.86,26.17
24/4/12,31.96,29.93,25.8916
23/4/12,31.94,29.97,25.664
20/4/12,32.02,30.75,26.1099
19/4/12,32,30.8,25.84
18/4/12,31.94,30.64,25.84
17/4/12,32.14,30.8,25.84
16/4/12,32.2,30.56,25.58
13/4/12,32.28,30.55,25.6
12/4/12,32.64,31.42,26.03
11/4/12,32.3,30.65,25.7243
10/4/12,32.334,30.79,26.01
9/4/12,31.98,30.59,26.44
6/4/12,31.76,30.72,26.87
5/4/12,31.76,30.72,26.87
4/4/12,31.54,30.325,26.87
3/4/12,32.1,31.65,27.4601
2/4/12,32.68,32.05,27.62
30/3/12,32.54,31.38,27.132
29/3/12,32.38,31.35,26.81
28/3/12,32.4,31.15,26.8
27/3/12,32.76,31.585,27.3816
26/3/12,32.98,31.935,27.42
23/3/12,32.4,31.24,26.94
22/3/12,32.02,30.54,26.646
21/3/12,32.1403,31.21,27.16
20/3/12,32.12,31.15,27.15
19/3/12,32.42,31.98,27.6
16/3/12,32.38,31.59,27.3809
15/3/12,32.34,31.53,27.551
14/3/12,32,31.265,27.6
13/3/12,32.54,32.255,27.6
12/3/12,33.1,32.63,27.2292
9/3/12,33.36,33.22,27.18
8/3/12,33.14,32.85,26.71
7/3/12,32.84,32.41,26.71
6/3/12,32.62,32.01,26.6399
5/3/12,33.26,33.032,27.3208
2/3/12,33.36,33.76,27.693
1/3/12,33.44,34.44,27.7148
29/2/12,32.96,33.55,27.23
28/2/12,34.82,35.83,27.6335
27/2/12,34.46,34.36,27.48
24/2/12,34.56,34.37,27.4865
23/2/12,34.7,34.4,26.9498
22/2/12,34.68,33.44,27.26
21/2/12,34.32,33.38,27.31
20/2/12,33.6,32.278,26.46
17/2/12,33.6,32.278,26.46
16/2/12,33.7,32.57,27.18
15/2/12,33.74,32.45,27.18
14/2/12,33.52,32.54,27.18
13/2/12,33.62,32.75,27.178
10/2/12,33.54,32.51,27.3499
9/2/12,33.7,32.9,28.2199
8/2/12,33.8,33.04,27.72
7/2/12,34.04,33.26,27.552
6/2/12,33.54,32.68,27.43
3/2/12,33.636,32.69,27.7599
2/2/12,34.3,33.36,26.8162
1/2/12,34.02,32.77,27.3
31/1/12,33.96,32.28,27.2
30/1/12,33.72,32.53,27.1892
27/1/12,33.902,32.96,27.7
26/1/12,33.54,32.43,27.6
25/1/12,33.4,32.37,27.26
24/1/12,32.48,31.08,27.0599
23/1/12,32.74,31.39,27.12
20/1/12,32.48,31.22,26.647
19/1/12,32.32,29.74,27.032
18/1/12,32.4,29.65,25.5299
17/1/12,32.18,29.19,25.5299
16/1/12,31.94,28.82,25.5299
13/1/12,31.94,28.82,25.5299
12/1/12,32.16,29.31,25.72
11/1/12,32.02,29.14,25.22
10/1/12,31.84,29.05,24.42
9/1/12,31.394,28.13,24.42
6/1/12,31.52,27.91,24.42
5/1/12,31.62,28.51,24.35
4/1/12,31.44,28.39,24.4
3/1/12,31.28,28.83,25.16
2/1/12,30.46,26.94,24.5